Dyad,Individual1,Individual2,PopID1&2,TrioML,Wang,LynchLi,LynchRd,Ritland,QuelletGt,DyadML,ind1_num,ind2_num,lo,hi,canon_pair,Distance_m,IN_ind_id,NEAR_ind_id,IN_sponge_id,NEAR_sponge_id,ind_id_Pair,sponge_id_Pair
431,golden-73,grunt-101,gogr,0,0.0941,0,0.0756,0.075,0.075,0,73,101,73,101,73_101,66.30689345,73,101,GOL_33,GRU_05,73_101,GOL_33_GRU_05
21,curlew-225,golden-84,cugo,0,0.0934,0,0.0552,0.0541,0.0772,0,225,84,84,225,84_225,2341.587878,84,225,GOL_39,CUR_02,84_225,GOL_39_CUR_02
162,golden-52,golden-55,gogo,0,0.0923,0,0.0287,0.0274,0.0238,0,52,55,52,55,52_55,8.147901746,52,55,GOL_18,GOL_19,52_55,GOL_18_GOL_19
387,golden-65,golden-73,gogo,0,0.0898,0,0.1247,0.1324,0.1204,0,65,73,65,73,65_73,89.75717982,65,73,GOL_26,GOL_33,65_73,GOL_26_GOL_33
340,golden-60,grunt-161,gogr,0,0.0836,0,0.0344,0.0333,0.0402,0,60,161,60,161,60_161,79.63940944,60,161,GOL_23,GRU_21,60_161,GOL_23_GRU_21
4,curlew-225,golden-44,cugo,0,0.0661,0,0.0252,0.0246,0.042,0,225,44,44,225,44_225,2364.137778,44,225,GOL_13,CUR_02,44_225,GOL_13_CUR_02
23,curlew-225,grunt-101,cugr,0,0.0643,0,0.0037,0.0036,0.0274,0,225,101,101,225,101_225,2408.699493,101,225,GRU_05,CUR_02,101_225,GRU_05_CUR_02
427,golden-73,golden-81,gogo,0,0.0638,0,0.037,0.0367,0.0383,0,73,81,73,81,73_81,12.89081165,73,81,GOL_33,GOL_37,73_81,GOL_33_GOL_37
24,curlew-225,grunt-103,cugr,0,0.0631,0,0.0355,0.0352,0.059,0,225,103,103,225,103_225,2391.453472,103,225,GRU_07,CUR_02,103_225,GRU_07_CUR_02
580,grunt-128,long-206,grlo,0,0.0604,0,0.0308,0.0305,0.0342,0,128,206,128,206,128_206,5002.295825,128,206,GRU_12,LON_07,128_206,GRU_12_LON_07
486,golden-81,grunt-137,gogr,0,0.0594,0,0.0221,0.0216,0.0227,0,81,137,81,137,81_137,72.09307177,81,137,GOL_37,GRU_15,81_137,GOL_37_GRU_15
473,golden-80,grunt-161,gogr,0,0.0586,0,0.0223,0.0218,0.0205,0,80,161,80,161,80_161,56.71364787,80,161,GOL_36,GRU_21,80_161,GOL_36_GRU_21
184,golden-52,grunt-133,gogr,0,0.0555,0,0.0051,0.005,-0.0101,0,52,133,52,133,52_133,89.73615073,52,133,GOL_18,GRU_14,52_133,GOL_18_GRU_14
358,golden-62,grunt-128,gogr,0,0.0549,0,0.0427,0.043,0.0606,0,62,128,62,128,62_128,78.65040326,62,128,GOL_24,GRU_12,62_128,GOL_24_GRU_12
19,curlew-225,golden-81,cugo,0,0.053,0,-0.0094,-0.009,0.0065,0,225,81,81,225,81_225,2364.137778,81,225,GOL_37,CUR_02,81_225,GOL_37_CUR_02
459,golden-74,long-206,golo,0,0.0523,0,0.023,0.0228,0.0214,0,74,206,74,206,74_206,4970.181169,74,206,GOL_33,LON_07,74_206,GOL_33_LON_07
9,curlew-225,golden-56,cugo,0,0.0511,0,0.0396,0.0399,0.0507,0,225,56,56,225,56_225,2350.542353,56,225,GOL_19,CUR_02,56_225,GOL_19_CUR_02
331,golden-60,grunt-101,gogr,0,0.0502,0,-0.006,-0.0058,-0.0059,0,60,101,60,101,60_101,82.24887311,60,101,GOL_23,GRU_05,60_101,GOL_23_GRU_05
415,golden-69,grunt-104,gogr,0,0.0501,0,0.0585,0.0602,0.0588,0,69,104,69,104,69_104,76.19501003,69,104,GOL_29,GRU_08,69_104,GOL_29_GRU_08
481,golden-81,grunt-104,gogr,0,0.0498,0,0.0226,0.0224,0.0188,0,81,104,81,104,81_104,47.62512954,81,104,GOL_37,GRU_08,81_104,GOL_37_GRU_08
502,golden-82,grunt-161,gogr,0,0.0478,0,0.0165,0.0163,0.0228,0,82,161,82,161,82_161,52.11700113,82,161,GOL_37,GRU_21,82_161,GOL_37_GRU_21
463,golden-80,golden-86,gogo,0,0.0474,0,0.0357,0.0358,0.021,0,80,86,80,86,80_86,106.8453996,80,86,GOL_36,GOL_41,80_86,GOL_36_GOL_41
479,golden-81,grunt-101,gogr,0,0.047,0,-0.0213,-0.0202,-0.0136,0,81,101,81,101,81_101,58.7197824,81,101,GOL_37,GRU_05,81_101,GOL_37_GRU_05
44,golden-114,golden-60,gogo,0,0.0468,0,0.0112,0.011,0.0109,0,114,60,60,114,60_114,62.27972896,60,114,GOL_23,GOL_46,60_114,GOL_23_GOL_46
328,golden-60,golden-82,gogo,0,0.0467,0,0.009,0.0088,0.0041,0,60,82,60,82,60_82,55.85707829,60,82,GOL_23,GOL_37,60_82,GOL_23_GOL_37
65,golden-114,grunt-161,gogr,0,0.0466,0,0.0171,0.0169,0.0268,0,114,161,114,161,114_161,67.6916712,114,161,GOL_46,GRU_21,114_161,GOL_46_GRU_21
154,golden-44,grunt-128,gogr,0,0.0437,0,0.0188,0.0187,0.0285,0,44,128,44,128,44_128,63.26946456,44,128,GOL_13,GRU_12,44_128,GOL_13_GRU_12
469,golden-80,grunt-128,gogr,0,0.0429,0,0.0194,0.0192,0.0146,0,80,128,80,128,80_128,67.9436423,80,128,GOL_36,GRU_12,80_128,GOL_36_GRU_12
500,golden-82,grunt-137,gogr,0,0.0427,0,0.0228,0.0227,0.0221,0,82,137,82,137,82_137,72.09307177,82,137,GOL_37,GRU_15,82_137,GOL_37_GRU_15
229,golden-55,golden-81,gogo,0,0.0416,0,-0.0227,-0.0218,-0.0189,0,55,81,55,81,55_81,28.52041348,55,81,GOL_19,GOL_37,55_81,GOL_19_GOL_37
571,grunt-125,grunt-156,grgr,0,0.0412,0,0.0471,0.0486,0.0522,0,125,156,125,156,125_156,27.48672723,125,156,GRU_11,GRU_18,125_156,GRU_11_GRU_18
518,golden-86,grunt-101,gogr,0,0.0411,0,0.0115,0.0113,0.0117,0,86,101,86,101,86_101,98.27732902,86,101,GOL_41,GRU_05,86_101,GOL_41_GRU_05
99,golden-32,long-206,golo,0,0.0397,0,0.0145,0.0145,0.0165,0,32,206,32,206,32_206,4968.602087,32,206,GOL_11,LON_07,32_206,GOL_11_LON_07
540,grunt-101,long-206,grlo,0,0.0394,0,-0.0114,-0.0111,-0.0122,0,101,206,101,206,101_206,4997.960655,101,206,GRU_05,LON_07,101_206,GRU_05_LON_07
96,golden-32,grunt-156,gogr,0,0.0385,0,0.0299,0.0303,0.0311,0,32,156,32,156,32_156,67.59019745,32,156,GOL_11,GRU_18,32_156,GOL_11_GRU_18
327,golden-60,golden-81,gogo,0,0.0384,0,-0.0257,-0.0246,-0.0276,0,60,81,60,81,60_81,55.85707829,60,81,GOL_23,GOL_37,60_81,GOL_23_GOL_37
1,curlew-225,golden-114,cugo,0,0.0375,0,-0.0061,-0.0059,0.0184,0,225,114,114,225,114_225,2355.59471,114,225,GOL_46,CUR_02,114_225,GOL_46_CUR_02
332,golden-60,grunt-103,gogr,0,0.0374,0,0.0084,0.0083,0.0192,0,60,103,60,103,60_103,65.64560705,60,103,GOL_23,GRU_07,60_103,GOL_23_GRU_07
49,golden-114,golden-73,gogo,0,0.0366,0,0.0284,0.0288,0.0365,0,114,73,73,114,73_114,10.8887784,73,114,GOL_33,GOL_46,73_114,GOL_33_GOL_46
585,grunt-133,long-206,grlo,0,0.035,0,-0.0026,-0.0026,-0.0089,0,133,206,133,206,133_206,5005.330364,133,206,GRU_14,LON_07,133_206,GRU_14_LON_07
460,golden-80,golden-81,gogo,0,0.0349,0,-0.0192,-0.0186,-0.0218,0,80,81,80,81,80_81,9.14710062,80,81,GOL_36,GOL_37,80_81,GOL_36_GOL_37
542,grunt-103,grunt-124,grgr,0,0.0346,0,0.059,0.0619,0.06,0,103,124,103,124,103_124,12.96993848,103,124,GRU_07,GRU_11,103_124,GRU_07_GRU_11
11,curlew-225,golden-60,cugo,0,0.0343,0,-0.0272,-0.0262,-0.0087,0,225,60,60,225,60_225,2326.536565,60,225,GOL_23,CUR_02,60_225,GOL_23_CUR_02
115,golden-42,golden-81,gogo,0,0.0343,0,0.021,0.0211,0.0024,0,42,81,42,81,42_81,0,42,81,GOL_13,GOL_37,42_81,GOL_13_GOL_37
499,golden-82,grunt-133,gogr,0,0.0343,0,0.0142,0.0141,0.0031,0,82,133,82,133,82_133,70.6106295,82,133,GOL_37,GRU_14,82_133,GOL_37_GRU_14
592,grunt-156,long-206,grlo,0,0.0343,0,0.0063,0.0063,0.0011,0,156,206,156,206,156_206,4977.10397,156,206,GRU_18,LON_07,156_206,GRU_18_LON_07
444,golden-74,golden-81,gogo,0,0.0335,0,0,0,-9e-4,0,74,81,74,81,74_81,12.89081165,74,81,GOL_33,GOL_37,74_81,GOL_33_GOL_37
477,golden-81,golden-84,gogo,0,0.0328,0,-0.0117,-0.0115,-0.002,0,81,84,81,84,81_84,83.66920238,81,84,GOL_37,GOL_39,81_84,GOL_37_GOL_39
339,golden-60,grunt-156,gogr,0,0.0321,0,-0.0025,-0.0025,-0.0032,0,60,156,60,156,60_156,65.18163265,60,156,GOL_23,GRU_18,60_156,GOL_23_GRU_18
139,golden-44,golden-63,gogo,0,0.0314,0,0.0409,0.0419,0.0248,0,44,63,44,63,44_63,56.04662303,44,63,GOL_13,GOL_25,44_63,GOL_13_GOL_25
470,golden-80,grunt-133,gogr,0,0.0309,0,-0.007,-0.0069,-0.0126,0,80,133,80,133,80_133,75.41674291,80,133,GOL_36,GRU_14,80_133,GOL_36_GRU_14
32,curlew-225,grunt-161,cugr,0,0.0306,0,-0.0182,-0.0176,0,0,225,161,161,225,161_225,2405.515886,161,225,GRU_21,CUR_02,161_225,GRU_21_CUR_02
125,golden-42,grunt-133,gogr,0,0.0305,0,0.0344,0.0352,0.0108,0,42,133,42,133,42_133,70.6106295,42,133,GOL_13,GRU_14,42_133,GOL_13_GRU_14
50,golden-114,golden-74,gogo,0,0.0301,0,0.0155,0.0156,0.0205,0,114,74,74,114,74_114,10.8887784,74,114,GOL_33,GOL_46,74_114,GOL_33_GOL_46
577,grunt-128,grunt-156,grgr,0,0.0296,0,0.0098,0.0098,0.0118,0,128,156,128,156,128_156,26.00732379,128,156,GRU_12,GRU_18,128_156,GRU_12_GRU_18
95,golden-32,grunt-137,gogr,0,0.0295,0,0.0205,0.0207,0.0256,0,32,137,32,137,32_137,78.50909281,32,137,GOL_11,GRU_15,32_137,GOL_11_GRU_15
29,curlew-225,grunt-133,cugr,0,0.028,0,-0.015,-0.0146,-0.0037,0,225,133,133,225,133_225,2418.259105,133,225,GRU_14,CUR_02,133_225,GRU_14_CUR_02
107,golden-42,golden-60,gogo,0,0.028,0,0.0178,0.0179,-0.0047,0,42,60,42,60,42_60,55.85707829,42,60,GOL_13,GOL_23,42_60,GOL_13_GOL_23
464,golden-80,grunt-101,gogr,0,0.028,0,-0.0251,-0.0243,-0.0188,0,80,101,80,101,80_101,63.681833,80,101,GOL_36,GRU_05,80_101,GOL_36_GRU_05
450,golden-74,grunt-104,gogr,0,0.0279,0,0.0251,0.0256,0.0221,0,74,104,74,104,74_104,57.02605163,74,104,GOL_33,GRU_08,74_104,GOL_33_GRU_08
506,golden-84,grunt-101,gogr,0,0.0265,0,-0.0143,-0.0139,-0.0035,0,84,101,84,101,84_101,79.85430645,84,101,GOL_39,GRU_05,84_101,GOL_39_GRU_05
318,golden-59,grunt-180,gogr,0,0.0258,0,0.0688,0.0735,0.0763,0,59,180,59,180,59_180,47.86698612,59,180,GOL_22,GRU_27,59_180,GOL_22_GRU_27
325,golden-60,golden-74,gogo,0,0.0257,0,-0.0016,-0.0016,-0.0046,0,60,74,60,74,60_74,67.05326627,60,74,GOL_23,GOL_33,60_74,GOL_23_GOL_33
357,golden-62,grunt-125,gogr,0,0.0254,0,0.0424,0.0441,0.0573,0,62,125,62,125,62_125,72.25452639,62,125,GOL_24,GRU_11,62_125,GOL_24_GRU_11
30,curlew-225,grunt-137,cugr,0,0.0249,0,-0.0128,-0.0125,0.0072,0,225,137,137,225,137_225,2418.97331,137,225,GRU_15,CUR_02,137_225,GRU_15_CUR_02
488,golden-81,grunt-161,gogr,0,0.0246,0,-0.0361,-0.0347,-0.0301,0,81,161,81,161,81_161,52.11700113,81,161,GOL_37,GRU_21,81_161,GOL_37_GRU_21
90,golden-32,grunt-104,gogr,0,0.0244,0,0.0238,0.0243,0.0228,0,32,104,32,104,32_104,55.55910508,32,104,GOL_11,GRU_08,32_104,GOL_11_GRU_08
324,golden-60,golden-73,gogo,0,0.0242,0,0.0049,0.0049,5e-4,0,60,73,60,73,60_73,67.05326627,60,73,GOL_23,GOL_33,60_73,GOL_23_GOL_33
379,golden-63,grunt-128,gogr,0,0.0238,0,0.035,0.036,0.0208,0,63,128,63,128,63_128,78.03588672,63,128,GOL_25,GRU_12,63_128,GOL_25_GRU_12
475,golden-80,long-206,golo,0,0.0237,0,-0.0124,-0.0122,-0.0253,0,80,206,80,206,80_206,4968.886616,80,206,GOL_36,LON_07,80_206,GOL_36_LON_07
272,golden-56,golden-60,gogo,0,0.0236,0,0.0117,0.0118,0.007,0,56,60,56,60,56_60,70.28329165,56,60,GOL_19,GOL_23,56_60,GOL_19_GOL_23
308,golden-59,grunt-101,gogr,0,0.0233,0,0.0181,0.0183,0.0268,0,59,101,59,101,59_101,59.80029539,59,101,GOL_22,GRU_05,59_101,GOL_22_GRU_05
536,grunt-101,grunt-137,grgr,0,0.023,0,-0.0195,-0.019,-0.011,0,101,137,101,137,101_137,13.37341038,101,137,GRU_05,GRU_15,101_137,GRU_05_GRU_15
454,golden-74,grunt-133,gogr,0,0.0227,0,0.0074,0.0074,0.0029,0,74,133,74,133,74_133,77.95433117,74,133,GOL_33,GRU_14,74_133,GOL_33_GRU_14
548,grunt-103,grunt-161,grgr,0,0.0226,0,0.0069,0.0069,0.0165,0,103,161,103,161,103_161,14.06980476,103,161,GRU_07,GRU_21,103_161,GRU_07_GRU_21
241,golden-55,grunt-156,gogr,0,0.0216,0,-0.0149,-0.0147,-0.0149,0,55,156,55,156,55_156,87.06937939,55,156,GOL_19,GRU_18,55_156,GOL_19_GRU_18
490,golden-81,long-206,golo,0,0.0215,0,-0.0351,-0.0339,-0.0436,0,81,206,81,206,81_206,4964.771955,81,206,GOL_37,LON_07,81_206,GOL_37_LON_07
7,curlew-225,golden-55,cugo,0,0.0212,0,-0.0387,-0.0373,-0.0169,0,225,55,55,225,55_225,2350.542353,55,225,GOL_19,CUR_02,55_225,GOL_19_CUR_02
54,golden-114,golden-84,gogo,0,0.021,0,6e-4,6e-4,0.0107,0,114,84,84,114,84_114,95.35912043,84,114,GOL_39,GOL_46,84_114,GOL_39_GOL_46
467,golden-80,grunt-124,gogr,0,0.0209,0,0.0274,0.0282,0.0161,0,80,124,80,124,80_124,52.88430628,80,124,GOL_36,GRU_11,80_124,GOL_36_GRU_11
189,golden-52,long-206,golo,0,0.0208,0,-0.0406,-0.0391,-0.0548,0,52,206,52,206,52_206,4962.735694,52,206,GOL_18,LON_07,52_206,GOL_18_LON_07
361,golden-62,grunt-156,gogr,0,0.0203,0,0.0193,0.0196,0.0244,0,62,156,62,156,62_156,54.75625893,62,156,GOL_24,GRU_18,62_156,GOL_24_GRU_18
423,golden-69,grunt-180,gogr,0,0.0197,0,0.0334,0.0348,0.0509,0,69,180,69,180,69_180,86.22315594,69,180,GOL_29,GRU_27,69_180,GOL_29_GRU_27
446,golden-74,golden-84,gogo,0,0.0197,0,0.0073,0.0073,0.0124,0,74,84,74,84,74_84,96.48509207,74,84,GOL_33,GOL_39,74_84,GOL_33_GOL_39
232,golden-55,golden-86,gogo,0,0.0196,0,-0.0041,-0.0041,-0.0114,0,55,86,55,86,55_86,117.3430288,55,86,GOL_19,GOL_41,55_86,GOL_19_GOL_41
465,golden-80,grunt-103,gogr,0,0.0195,0,0.0094,0.0095,0.0092,0,80,103,80,103,80_103,48.28328695,80,103,GOL_36,GRU_07,80_103,GOL_36_GRU_07
505,golden-84,golden-86,gogo,0,0.0194,0,0.0139,0.0141,0.0116,0,84,86,84,86,84_86,18.42728663,84,86,GOL_39,GOL_41,84_86,GOL_39_GOL_41
18,curlew-225,golden-80,cugo,0,0.0192,0,-0.0282,-0.0274,-0.0192,0,225,80,80,225,80_225,2366.043726,80,225,GOL_36,CUR_02,80_225,GOL_36_CUR_02
480,golden-81,grunt-103,gogr,0,0.0192,0,-0.0104,-0.0103,-0.0042,0,81,103,81,103,81_103,42.10795547,81,103,GOL_37,GRU_07,81_103,GOL_37_GRU_07
51,golden-114,golden-80,gogo,0,0.0191,0,-0.0099,-0.0097,-0.0115,0,114,80,80,114,80_114,11.60188098,80,114,GOL_36,GOL_46,80_114,GOL_36_GOL_46
329,golden-60,golden-84,gogo,0,0.0191,0,-0.0202,-0.0198,-0.0167,0,60,84,60,84,60_84,41.63996869,60,84,GOL_23,GOL_39,60_84,GOL_23_GOL_39
406,golden-69,golden-73,gogo,0,0.0191,0,0.0314,0.0325,0.0363,0,69,73,69,73,69_73,103.677887,69,73,GOL_29,GOL_33,69_73,GOL_29_GOL_33
72,golden-32,golden-55,gogo,0,0.019,0,-0.0134,-0.0132,-0.0084,0,32,55,32,55,32_55,20.86540201,32,55,GOL_11,GOL_19,32_55,GOL_11_GOL_19
532,grunt-101,grunt-124,grgr,0,0.019,0,0.0129,0.0131,0.0125,0,101,124,101,124,101_124,11.38247104,101,124,GRU_05,GRU_11,101_124,GRU_05_GRU_11
440,golden-73,grunt-161,gogr,0,0.0189,0,3e-4,3e-4,0.0097,0,73,161,73,161,73_161,59.24591828,73,161,GOL_33,GRU_21,73_161,GOL_33_GRU_21
137,golden-44,golden-60,gogo,0,0.0186,0,-0.0213,-0.0208,-0.0209,0,44,60,44,60,44_60,55.85707829,44,60,GOL_13,GOL_23,44_60,GOL_13_GOL_23
409,golden-69,golden-81,gogo,0,0.0186,0,-0.0076,-0.0076,-0.0043,0,69,81,69,81,69_81,90.91586795,69,81,GOL_29,GOL_37,69_81,GOL_29_GOL_37
575,grunt-128,grunt-133,grgr,0,0.0186,0,-0.0104,-0.0103,-0.0084,0,128,133,128,133,128_133,7.510159695,128,133,GRU_12,GRU_14,128_133,GRU_12_GRU_14
485,golden-81,grunt-133,gogr,0,0.0182,0,-0.0293,-0.0285,-0.0384,0,81,133,81,133,81_133,70.6106295,81,133,GOL_37,GRU_14,81_133,GOL_37_GRU_14
413,golden-69,grunt-101,gogr,0,0.0181,0,-0.0072,-0.0071,0.0068,0,69,101,69,101,69_101,87.3767672,69,101,GOL_29,GRU_05,69_101,GOL_29_GRU_05
296,golden-59,golden-60,gogo,0,0.0175,0,0.0099,0.01,0.0131,0,59,60,59,60,59_60,62.17461785,59,60,GOL_22,GOL_23,59_60,GOL_22_GOL_23
587,grunt-137,grunt-161,grgr,0,0.0174,0,-0.0151,-0.0149,-0.0061,0,137,161,137,161,137_161,20.27056364,137,161,GRU_15,GRU_21,137_161,GRU_15_GRU_21
462,golden-80,golden-84,gogo,0,0.0166,0,-0.0174,-0.0172,-0.0167,0,80,84,80,84,80_84,92.78862185,80,84,GOL_36,GOL_39,80_84,GOL_36_GOL_39
131,golden-44,golden-52,gogo,0,0.0158,0,-0.0329,-0.032,-0.038,0,44,52,44,52,44_52,21.20669197,44,52,GOL_13,GOL_18,44_52,GOL_13_GOL_18
342,golden-60,long-206,golo,0,0.0158,0,-0.0336,-0.0327,-0.039,0,60,206,60,206,60_206,4917.710752,60,206,GOL_23,LON_07,60_206,GOL_23_LON_07
476,golden-81,golden-82,gogo,0,0.0158,0,-0.0238,-0.0233,-0.0302,0,81,82,81,82,81_82,0,81,82,GOL_37,GOL_37,81_82,GOL_37_GOL_37
282,golden-56,golden-84,gogo,0,0.0156,0,0.0159,0.0163,0.0237,0,56,84,56,84,56_84,105.6680783,56,84,GOL_19,GOL_39,56_84,GOL_19_GOL_39
337,golden-60,grunt-133,gogr,0,0.0156,0,-0.0279,-0.0271,-0.0423,0,60,133,60,133,60_133,91.77881645,60,133,GOL_23,GRU_14,60_133,GOL_23_GRU_14
28,curlew-225,grunt-128,cugr,0,0.0151,0,-0.0294,-0.0287,-0.0065,0,225,128,128,225,128_225,2413.533602,128,225,GRU_12,CUR_02,128_225,GRU_12_CUR_02
231,golden-55,golden-84,gogo,0,0.0143,0,-0.0266,-0.0261,-0.0142,0,55,84,55,84,55_84,105.6680783,55,84,GOL_19,GOL_39,55_84,GOL_19_GOL_39
147,golden-44,golden-84,gogo,0,0.0142,0,-0.0138,-0.0137,-5e-4,0,44,84,44,84,44_84,83.66920238,44,84,GOL_13,GOL_39,44_84,GOL_13_GOL_39
349,golden-62,golden-81,gogo,0,0.0142,0,-0.0158,-0.0156,-0.0073,0,62,81,62,81,62_81,59.95912937,62,81,GOL_24,GOL_37,62_81,GOL_24_GOL_37
394,golden-65,grunt-101,gogr,0,0.0142,0,0.0102,0.0104,0.0185,0,65,101,65,101,65_101,77.4659534,65,101,GOL_26,GRU_05,65_101,GOL_26_GRU_05
135,golden-44,golden-56,gogo,0,0.0136,0,0.0158,0.0161,0.0173,0,44,56,44,56,44_56,28.52041348,44,56,GOL_13,GOL_19,44_56,GOL_13_GOL_19
422,golden-69,grunt-161,gogr,0,0.0135,0,-0.0017,-0.0017,0.008,0,69,161,69,161,69_161,88.69471959,69,161,GOL_29,GRU_21,69_161,GOL_29_GRU_21
559,grunt-104,long-206,grlo,0,0.0135,0,-0.0079,-0.0079,-0.0083,0,104,206,104,206,104_206,4983.957261,104,206,GRU_08,LON_07,104_206,GRU_08_LON_07
530,grunt-101,grunt-103,grgr,0,0.0134,0,-0.0173,-0.0171,-0.0069,0,101,103,101,103,101_103,18.29759005,101,103,GRU_05,GRU_07,101_103,GRU_05_GRU_07
584,grunt-133,grunt-180,grgr,0,0.0134,0,0.014,0.0144,0.0224,0,133,180,133,180,133_180,23.7528191,133,180,GRU_14,GRU_27,133_180,GRU_14_GRU_27
309,golden-59,grunt-103,gogr,0,0.0133,0,0.0381,0.0399,0.0501,0,59,103,59,103,59_103,44.24648254,59,103,GOL_22,GRU_07,59_103,GOL_22_GRU_07
183,golden-52,grunt-128,gogr,0,0.0132,0,-0.0329,-0.0321,-0.0388,0,52,128,52,128,52_128,82.25617472,52,128,GOL_18,GRU_12,52_128,GOL_18_GRU_12
34,curlew-225,long-206,culo,0,0.013,0,-0.035,-0.034,-0.0266,0,225,206,206,225,206_225,2745.673031,206,225,LON_07,CUR_02,206_225,LON_07_CUR_02
514,golden-84,grunt-156,gogr,0,0.013,0,-0.0023,-0.0023,-0.0029,0,84,156,84,156,84_156,57.3347851,84,156,GOL_39,GRU_18,84_156,GOL_39_GRU_18
448,golden-74,grunt-101,gogr,0,0.0127,0,-0.0204,-0.0201,-0.0166,0,74,101,74,101,74_101,66.30689345,74,101,GOL_33,GRU_05,74_101,GOL_33_GRU_05
529,golden-86,long-206,golo,0,0.0122,0,0.0032,0.0032,-0.0143,0,86,206,86,206,86_206,4904.016717,86,206,GOL_41,LON_07,86_206,GOL_41_LON_07
455,golden-74,grunt-137,gogr,0,0.0105,0,1e-4,1e-4,0.0024,0,74,137,74,137,74_137,79.51606383,74,137,GOL_33,GRU_15,74_137,GOL_33_GRU_15
568,grunt-125,grunt-128,grgr,0,0.0101,0,0.015,0.0154,0.0235,0,125,128,125,128,125_128,15.11896981,125,128,GRU_11,GRU_12,125_128,GRU_11_GRU_12
42,golden-114,golden-56,gogo,0,0.01,0,0.0153,0.0157,0.0171,0,114,56,56,114,56_114,12.19568294,56,114,GOL_19,GOL_46,56_114,GOL_19_GOL_46
64,golden-114,grunt-156,gogr,0,0.0098,0,-0.0068,-0.0068,-0.0024,0,114,156,114,156,114_156,74.88572244,114,156,GOL_46,GRU_18,114_156,GOL_46_GRU_18
388,golden-65,golden-74,gogo,0,0.0098,0,0.0343,0.036,0.0345,0,65,74,65,74,65_74,89.75717982,65,74,GOL_26,GOL_33,65_74,GOL_26_GOL_33
244,golden-55,long-206,golo,0,0.0095,0,-0.0428,-0.0415,-0.0405,0,55,206,55,206,55_206,4957.946472,55,206,GOL_19,LON_07,55_206,GOL_19_LON_07
67,golden-114,long-206,golo,0,0.0089,0,-0.028,-0.0276,-0.0238,0,114,206,114,206,114_206,4960.049522,114,206,GOL_46,LON_07,114_206,GOL_46_LON_07
336,golden-60,grunt-128,gogr,0,0.0088,0,-0.0253,-0.0248,-0.0265,0,60,128,60,128,60_128,87.03338214,60,128,GOL_23,GRU_12,60_128,GOL_23_GRU_12
338,golden-60,grunt-137,gogr,0,0.0085,0,-0.0327,-0.0319,-0.0308,0,60,137,60,137,60_137,92.55348071,60,137,GOL_23,GRU_15,60_137,GOL_23_GRU_15
92,golden-32,grunt-125,gogr,0,0.0083,0,0.0239,0.0249,0.0318,0,32,125,32,125,32_125,54.41235642,32,125,GOL_11,GRU_11,32_125,GOL_11_GRU_11
16,curlew-225,golden-73,cugo,0,0.0082,0,-0.0166,-0.0165,-0.0029,0,225,73,73,225,73_225,2366.404853,73,225,GOL_33,CUR_02,73_225,GOL_33_CUR_02
136,golden-44,golden-59,gogo,0,0.008,0,0.0158,0.0162,0.0235,0,44,59,44,59,44_59,6.37923289,44,59,GOL_13,GOL_22,44_59,GOL_13_GOL_22
3,curlew-225,golden-42,cugo,0,0.0076,0,0.001,0.001,-0.0053,0,225,42,42,225,42_225,2364.137778,42,225,GOL_13,CUR_02,42_225,GOL_13_CUR_02
445,golden-74,golden-82,gogo,0,0.0076,0,-0.0067,-0.0068,-0.0072,0,74,82,74,82,74_82,12.89081165,74,82,GOL_33,GOL_37,74_82,GOL_33_GOL_37
390,golden-65,golden-81,gogo,0,0.0067,0,1e-4,1e-4,5e-4,0,65,81,65,81,65_81,77.0082714,65,81,GOL_26,GOL_37,65_81,GOL_26_GOL_37
400,golden-65,grunt-133,gogr,0,0.0067,0,0.0193,0.02,0.0149,0,65,133,65,133,65_133,83.41748485,65,133,GOL_26,GRU_14,65_133,GOL_26_GRU_14
412,golden-69,golden-86,gogo,0,0.0067,0,0.0171,0.0176,0.0091,0,69,86,69,86,69_86,11.30344997,69,86,GOL_29,GOL_41,69_86,GOL_29_GOL_41
186,golden-52,grunt-156,gogr,0,0.0066,0,-0.033,-0.0325,-0.0419,0,52,156,52,156,52_156,79.67859673,52,156,GOL_18,GRU_18,52_156,GOL_18_GRU_18
410,golden-69,golden-82,gogo,0,0.0064,0,0.0015,0.0015,0.0043,0,69,82,69,82,69_82,90.91586795,69,82,GOL_29,GOL_37,69_82,GOL_29_GOL_37
63,golden-114,grunt-137,gogr,0,0.0062,0,-0.0141,-0.014,-0.0082,0,114,137,114,137,114_137,87.8573015,114,137,GOL_46,GRU_15,114_137,GOL_46_GRU_15
493,golden-82,grunt-101,gogr,0,0.006,0,-0.0346,-0.0338,-0.0315,0,82,101,82,101,82_101,58.7197824,82,101,GOL_37,GRU_05,82_101,GOL_37_GRU_05
80,golden-32,golden-69,gogo,0,0.0053,0,0.0056,0.0057,0.0121,0,32,69,32,69,32_69,101.2019031,32,69,GOL_11,GOL_29,32_69,GOL_11_GOL_29
362,golden-62,grunt-161,gogr,0,0.0051,0,-0.0178,-0.0177,9e-4,0,62,161,62,161,62_161,72.73318943,62,161,GOL_24,GRU_21,62_161,GOL_24_GRU_21
341,golden-60,grunt-180,gogr,0,0.0048,0,-0.0042,-0.0042,-0.0036,0,60,180,60,180,60_180,75.00193588,60,180,GOL_23,GRU_27,60_180,GOL_23_GRU_27
52,golden-114,golden-81,gogo,0,0.0047,0,-0.0402,-0.0392,-0.0364,0,114,81,81,114,81_114,16.37214747,81,114,GOL_37,GOL_46,81_114,GOL_37_GOL_46
353,golden-62,grunt-101,gogr,0,0.0046,0,-0.0227,-0.0225,-0.0013,0,62,101,62,101,62_101,74.15093277,62,101,GOL_24,GRU_05,62_101,GOL_24_GRU_05
426,golden-73,golden-80,gogo,0,0.0044,0,-0.0098,-0.0099,-0.0126,0,73,80,73,80,73_80,3.761773213,73,80,GOL_33,GOL_36,73_80,GOL_33_GOL_36
326,golden-60,golden-80,gogo,0,0.0043,0,-0.0464,-0.045,-0.0514,0,60,80,60,80,60_80,63.879094190000004,60,80,GOL_23,GOL_36,60_80,GOL_23_GOL_36
100,golden-42,golden-44,gogo,0,0.0039,0,0.0058,0.0059,-0.0083,0,42,44,42,44,42_44,0,42,44,GOL_13,GOL_13,42_44,GOL_13_GOL_13
128,golden-42,grunt-161,gogr,0,0.0039,0,-9e-4,-9e-4,-0.0155,0,42,161,42,161,42_161,52.11700113,42,161,GOL_13,GRU_21,42_161,GOL_13_GRU_21
555,grunt-104,grunt-137,grgr,0,0.0039,0,-6e-4,-6e-4,-0.0025,0,104,137,104,137,104_137,26.78988942,104,137,GRU_08,GRU_15,104_137,GRU_08_GRU_15
84,golden-32,golden-81,gogo,0,0.0035,0,-0.0296,-0.0292,-0.0325,0,32,81,32,81,32_81,10.49360392,32,81,GOL_11,GOL_37,32_81,GOL_11_GOL_37
386,golden-65,golden-69,gogo,0,0.0035,0,0.0343,0.0362,0.0378,0,65,69,65,69,65_69,13.92926313,65,69,GOL_26,GOL_29,65_69,GOL_26_GOL_29
380,golden-63,grunt-133,gogr,0,0.0034,0,0.0111,0.0114,-0.0112,0,63,133,63,133,63_133,82.24896518,63,133,GOL_25,GRU_14,63_133,GOL_25_GRU_14
144,golden-44,golden-80,gogo,0,0.0032,0,-0.0332,-0.0327,-0.031,0,44,80,44,80,44_80,9.14710062,44,80,GOL_13,GOL_36,44_80,GOL_13_GOL_36
546,grunt-103,grunt-137,grgr,0,0.003,0,-0.0017,-0.0017,0.0081,0,103,137,103,137,103_137,31.17976613,103,137,GRU_07,GRU_15,103_137,GRU_07_GRU_15
160,golden-44,long-206,golo,0,0.0029,0,-0.0371,-0.0364,-0.037,0,44,206,44,206,44_206,4964.771955,44,206,GOL_13,LON_07,44_206,GOL_13_LON_07
149,golden-44,grunt-101,gogr,0,0.0024,0,-0.0435,-0.0424,-0.0298,0,44,101,44,101,44_101,58.7197824,44,101,GOL_13,GRU_05,44_101,GOL_13_GRU_05
594,grunt-161,long-206,grlo,0,0.0021,0,-0.0401,-0.0391,-0.0431,0,161,206,161,206,161_206,4996.602408,161,206,GRU_21,LON_07,161_206,GRU_21_LON_07
498,golden-82,grunt-128,gogr,0,0.0015,0,-0.0221,-0.0221,-0.0168,0,82,128,82,128,82_128,63.26946456,82,128,GOL_37,GRU_12,82_128,GOL_37_GRU_12
515,golden-84,grunt-161,gogr,0,0.0015,0,-0.0318,-0.0313,-0.0206,0,84,161,84,161,84_161,81.00099376,84,161,GOL_39,GRU_21,84_161,GOL_39_GRU_21
510,golden-84,grunt-125,gogr,0,0.0011,0,0.0064,0.0066,0.0151,0,84,125,84,125,84_125,81.91376578,84,125,GOL_39,GRU_11,84_125,GOL_39_GRU_11
531,grunt-101,grunt-104,grgr,0,9e-4,0,-0.0361,-0.0357,-0.0239,0,101,104,101,104,101_104,14.80293598,101,104,GRU_05,GRU_08,101_104,GRU_05_GRU_08
31,curlew-225,grunt-156,cugr,0,8e-4,0,-0.0335,-0.033,-0.0232,0,225,156,156,225,156_225,2390.927534,156,225,GRU_18,CUR_02,156_225,GRU_18_CUR_02
155,golden-44,grunt-133,gogr,0,8e-4,0,-0.0263,-0.0261,-0.0292,0,44,133,44,133,44_133,70.6106295,44,133,GOL_13,GRU_14,44_133,GOL_13_GRU_14
557,grunt-104,grunt-161,grgr,0,8e-4,0,-0.0139,-0.0139,-0.0136,0,104,161,104,161,104_161,12.86759368,104,161,GRU_08,GRU_21,104_161,GRU_08_GRU_21
582,grunt-133,grunt-156,grgr,0,3e-4,0,-0.0229,-0.0228,-0.0276,0,133,156,133,156,133_156,28.22907444,133,156,GRU_14,GRU_18,133_156,GRU_14_GRU_18
37,golden-114,golden-44,gogo,0,2e-4,0,-0.0266,-0.0263,-0.0206,0,114,44,44,114,44_114,16.37214747,44,114,GOL_13,GOL_46,44_114,GOL_13_GOL_46
145,golden-44,golden-81,gogo,0,2e-4,0,-0.0473,-0.046,-0.0452,0,44,81,44,81,44_81,0,44,81,GOL_13,GOL_37,44_81,GOL_13_GOL_37
491,golden-82,golden-84,gogo,0,1e-4,0,-0.0211,-0.0211,-0.0171,0,82,84,82,84,82_84,83.66920238,82,84,GOL_37,GOL_39,82_84,GOL_37_GOL_39
478,golden-81,golden-86,gogo,0,0,0,-0.0284,-0.0282,-0.039,0,81,86,81,86,81_86,97.88505471,81,86,GOL_37,GOL_41,81_86,GOL_37_GOL_41
178,golden-52,grunt-101,gogr,0,-3e-4,0,-0.0625,-0.0599,-0.0716,0,52,101,52,101,52_101,78.01485744,52,101,GOL_18,GRU_05,52_101,GOL_18_GRU_05
484,golden-81,grunt-128,gogr,0,-3e-4,0,-0.0478,-0.0465,-0.0439,0,81,128,81,128,81_128,63.26946456,81,128,GOL_37,GRU_12,81_128,GOL_37_GRU_12
403,golden-65,grunt-161,gogr,0,-8e-4,0,0.0065,0.0067,0.0116,0,65,161,65,161,65_161,77.96366574,65,161,GOL_26,GRU_21,65_161,GOL_26_GRU_21
114,golden-42,golden-80,gogo,0,-9e-4,0,-0.0039,-0.004,-0.0232,0,42,80,42,80,42_80,9.14710062,42,80,GOL_13,GOL_36,42_80,GOL_13_GOL_36
429,golden-73,golden-84,gogo,0,-9e-4,0,-0.0024,-0.0024,0.0023,0,73,84,73,84,73_84,96.48509207,73,84,GOL_33,GOL_39,73_84,GOL_33_GOL_39
535,grunt-101,grunt-133,grgr,0,-0.0011,0,-0.0529,-0.0511,-0.0568,0,101,133,101,133,101_133,11.90913168,101,133,GRU_05,GRU_14,101_133,GRU_05_GRU_14
187,golden-52,grunt-161,gogr,0,-0.0013,0,-0.0625,-0.06,-0.0672,0,52,161,52,161,52_161,71.02874715,52,161,GOL_18,GRU_21,52_161,GOL_18_GRU_21
243,golden-55,grunt-180,gogr,0,-0.0022,0,-0.0117,-0.0118,-0.0012,0,55,180,55,180,55_180,74.12577168,55,180,GOL_19,GRU_27,55_180,GOL_19_GRU_27
287,golden-56,grunt-124,gogr,0,-0.0025,0,0.0365,0.039,0.0286,0,56,124,56,124,56_124,75.27532017,56,124,GOL_19,GRU_11,56_124,GOL_19_GRU_11
383,golden-63,grunt-161,gogr,0,-0.0028,0,-0.0067,-0.0068,-0.0149,0,63,161,63,161,63_161,71.570408,63,161,GOL_25,GRU_21,63_161,GOL_25_GRU_21
26,curlew-225,grunt-124,cugr,0,-0.0029,0,-0.0108,-0.011,0.0014,0,225,124,124,225,124_225,2403.75547,124,225,GRU_11,CUR_02,124_225,GRU_11_CUR_02
335,golden-60,grunt-125,gogr,0,-0.0033,0,-0.0082,-0.0083,-0.012,0,60,125,60,125,60_125,78.44787185,60,125,GOL_23,GRU_11,60_125,GOL_23_GRU_11
56,golden-114,grunt-101,gogr,0,-0.0034,0,-0.047,-0.0459,-0.0334,0,114,101,101,114,101_114,74.51169185,101,114,GRU_05,GOL_46,101_114,GRU_05_GOL_46
334,golden-60,grunt-124,gogr,0,-0.0036,0,-0.0072,-0.0074,-0.0168,0,60,124,60,124,60_124,78.44787185,60,124,GOL_23,GRU_11,60_124,GOL_23_GRU_11
237,golden-55,grunt-125,gogr,0,-0.0039,0,-0.0219,-0.022,-0.0131,0,55,125,55,125,55_125,75.27532017,55,125,GOL_19,GRU_11,55_125,GOL_19_GRU_11
360,golden-62,grunt-137,gogr,0,-0.0039,0,-0.015,-0.0151,4e-4,0,62,137,62,137,62_137,83.08623372,62,137,GOL_24,GRU_15,62_137,GOL_24_GRU_15
20,curlew-225,golden-82,cugo,0,-0.004,0,-0.0456,-0.0446,-0.0279,0,225,82,82,225,82_225,2364.137778,82,225,GOL_37,CUR_02,82_225,GOL_37_CUR_02
544,grunt-103,grunt-128,grgr,0,-0.0042,0,-0.0128,-0.013,-0.0014,0,103,128,103,128,103_128,23.28236922,103,128,GRU_07,GRU_12,103_128,GRU_07_GRU_12
333,golden-60,grunt-104,gogr,0,-0.0043,0,-0.0282,-0.028,-0.0365,0,60,104,60,104,60_104,67.55609912,60,104,GOL_23,GRU_08,60_104,GOL_23_GRU_08
88,golden-32,grunt-101,gogr,0,-0.0045,0,-0.0353,-0.0348,-0.0304,0,32,101,32,101,32_101,65.24071917,32,101,GOL_11,GRU_05,32_101,GOL_11_GRU_05
512,golden-84,grunt-133,gogr,0,-0.0046,0,-0.0304,-0.0303,-0.0319,0,84,133,84,133,84_133,84.85534147,84,133,GOL_39,GRU_14,84_133,GOL_39_GRU_14
185,golden-52,grunt-137,gogr,0,-0.0049,0,-0.0482,-0.0471,-0.054,0,52,137,52,137,52_137,91.28462757,52,137,GOL_18,GRU_15,52_137,GOL_18_GRU_15
534,grunt-101,grunt-128,grgr,0,-0.0064,0,-0.0503,-0.049,-0.0413,0,101,128,101,128,101_128,4.998067867,101,128,GRU_05,GRU_12,101_128,GRU_05_GRU_12
589,grunt-137,long-206,grlo,0,-0.0065,0,-0.0395,-0.039,-0.0377,0,137,206,137,206,137_206,5005.636578,137,206,GRU_15,LON_07,137_206,GRU_15_LON_07
295,golden-56,long-206,golo,0,-0.0067,0,-0.0058,-0.0059,-0.0217,0,56,206,56,206,56_206,4957.946472,56,206,GOL_19,LON_07,56_206,GOL_19_LON_07
152,golden-44,grunt-124,gogr,0,-0.0069,0,5e-4,5e-4,0.0018,0,44,124,44,124,44_124,48.53845138,44,124,GOL_13,GRU_11,44_124,GOL_13_GRU_11
517,golden-84,long-206,golo,0,-0.0069,0,-0.0388,-0.0384,-0.0408,0,84,206,84,206,84_206,4921.720844,84,206,GOL_39,LON_07,84_206,GOL_39_LON_07
33,curlew-225,grunt-180,cugr,0,-0.0074,0,-0.0176,-0.0177,0.0028,0,225,180,180,225,180_225,2400.523698,180,225,GRU_27,CUR_02,180_225,GRU_27_CUR_02
443,golden-74,golden-80,gogo,0,-0.0074,0,-0.031,-0.0309,-0.0347,0,74,80,74,80,74_80,3.761773213,74,80,GOL_33,GOL_36,74_80,GOL_33_GOL_36
119,golden-42,grunt-101,gogr,0,-0.0077,0,-0.0227,-0.0227,-0.0361,0,42,101,42,101,42_101,58.7197824,42,101,GOL_13,GRU_05,42_101,GOL_13_GRU_05
70,golden-32,golden-52,gogo,0,-0.0079,0,-0.0422,-0.0417,-0.0511,0,32,52,32,52,32_52,12.77573736,32,52,GOL_11,GOL_18,32_52,GOL_11_GOL_18
238,golden-55,grunt-128,gogr,0,-0.008,0,-0.0513,-0.0503,-0.0401,0,55,128,55,128,55_128,90.33708545,55,128,GOL_19,GRU_12,55_128,GOL_19_GRU_12
79,golden-32,golden-65,gogo,0,-0.0081,0,0.0216,0.0228,0.0206,0,32,65,32,65,32_65,87.279755,32,65,GOL_11,GOL_26,32_65,GOL_11_GOL_26
507,golden-84,grunt-103,gogr,0,-0.0081,0,-0.0138,-0.0139,-0.0032,0,84,103,84,103,84_103,70.01471668,84,103,GOL_39,GRU_07,84_103,GOL_39_GRU_07
457,golden-74,grunt-161,gogr,0,-0.0082,0,-0.0312,-0.0311,-0.0254,0,74,161,74,161,74_161,59.24591828,74,161,GOL_33,GRU_21,74_161,GOL_33_GRU_21
57,golden-114,grunt-103,gogr,0,-0.0084,0,-0.0171,-0.0173,-0.0019,0,114,103,103,114,103_114,58.35247197,103,114,GRU_07,GOL_46,103_114,GRU_07_GOL_46
527,golden-86,grunt-161,gogr,0,-0.009,0,-0.0246,-0.0246,-0.0327,0,86,161,86,161,86_161,99.33119281,86,161,GOL_41,GRU_21,86_161,GOL_41_GRU_21
87,golden-32,golden-86,gogo,0,-0.0091,0,-0.0082,-0.0084,-0.016,0,32,86,32,86,32_86,107.9411635,32,86,GOL_11,GOL_41,32_86,GOL_11_GOL_41
12,curlew-225,golden-62,cugo,0,-0.0092,0,-0.0441,-0.0434,-0.0156,0,225,62,62,225,62_225,2336.194131,62,225,GOL_24,CUR_02,62_225,GOL_24_CUR_02
425,golden-73,golden-74,gogo,0,-0.0093,0,-0.0042,-0.0043,-0.0056,0,73,74,73,74,73_74,0,73,74,GOL_33,GOL_33,73_74,GOL_33_GOL_33
471,golden-80,grunt-137,gogr,0,-0.0096,0,-0.0307,-0.0304,-0.0395,0,80,137,80,137,80_137,76.96126803,80,137,GOL_36,GRU_15,80_137,GOL_36_GRU_15
151,golden-44,grunt-104,gogr,0,-0.0103,0,-0.0189,-0.0191,-0.0179,0,44,104,44,104,44_104,47.62512954,44,104,GOL_13,GRU_08,44_104,GOL_13_GRU_08
174,golden-52,golden-81,gogo,0,-0.0103,0,-0.0746,-0.0713,-0.0961,0,52,81,52,81,52_81,21.20669197,52,81,GOL_18,GOL_37,52_81,GOL_18_GOL_37
188,golden-52,grunt-180,gogr,0,-0.0104,0,-0.0288,-0.0288,-0.031,0,52,180,52,180,52_180,66.08324782,52,180,GOL_18,GRU_27,52_180,GOL_18_GRU_27
356,golden-62,grunt-124,gogr,0,-0.0105,0,0.0124,0.013,0.0185,0,62,124,62,124,62_124,72.25452639,62,124,GOL_24,GRU_11,62_124,GOL_24_GRU_11
583,grunt-133,grunt-161,grgr,0,-0.0112,0,-0.0508,-0.0499,-0.0489,0,133,161,133,161,133_161,18.71025416,133,161,GRU_14,GRU_21,133_161,GRU_14_GRU_21
77,golden-32,golden-62,gogo,0,-0.0113,0,-0.0133,-0.0136,0.0048,0,32,62,32,62,32_62,69.80885604,32,62,GOL_11,GOL_24,32_62,GOL_11_GOL_24
61,golden-114,grunt-128,gogr,0,-0.0118,0,-0.032,-0.0318,-0.026,0,114,128,114,128,114_128,78.91277281,114,128,GOL_46,GRU_12,114_128,GOL_46_GRU_12
420,golden-69,grunt-137,gogr,0,-0.0118,0,-0.015,-0.0152,-0.0074,0,69,137,69,137,69_137,92.00928368,69,137,GOL_29,GRU_15,69_137,GOL_29_GRU_15
109,golden-42,golden-63,gogo,0,-0.012,0,0.0233,0.0246,-0.0089,0,42,63,42,63,42_63,56.04662303,42,63,GOL_13,GOL_25,42_63,GOL_13_GOL_25
43,golden-114,golden-59,gogo,0,-0.0121,0,-9e-4,-9e-4,0.0104,0,114,59,59,114,59_114,14.9616332,59,114,GOL_22,GOL_46,59_114,GOL_22_GOL_46
578,grunt-128,grunt-161,grgr,0,-0.0121,0,-0.0476,-0.0468,-0.0384,0,128,161,128,161,128_161,11.23106356,128,161,GRU_12,GRU_21,128_161,GRU_12_GRU_21
588,grunt-137,grunt-180,grgr,0,-0.0126,0,-0.0033,-0.0033,0.0093,0,137,180,137,180,137_180,25.26337402,137,180,GRU_15,GRU_27,137_180,GRU_15_GRU_27
14,curlew-225,golden-65,cugo,0,-0.0128,0,-0.01,-0.0102,0.006,0,225,65,65,225,65_225,2339.984886,65,225,GOL_26,CUR_02,65_225,GOL_26_CUR_02
495,golden-82,grunt-104,gogr,0,-0.0128,0,-0.0179,-0.0182,-0.0239,0,82,104,82,104,82_104,47.62512954,82,104,GOL_37,GRU_08,82_104,GOL_37_GRU_08
89,golden-32,grunt-103,gogr,0,-0.013,0,-0.012,-0.0122,-0.0043,0,32,103,32,103,32_103,49.89931384,32,103,GOL_11,GRU_07,32_103,GOL_11_GRU_07
437,golden-73,grunt-133,gogr,0,-0.0131,0,-0.0211,-0.0213,-0.0287,0,73,133,73,133,73_133,77.95433117,73,133,GOL_33,GRU_14,73_133,GOL_33_GRU_14
520,golden-86,grunt-104,gogr,0,-0.0131,0,-0.0089,-0.0092,-0.0185,0,86,104,86,104,86_104,86.70491513,86,104,GOL_41,GRU_08,86_104,GOL_41_GRU_08
173,golden-52,golden-80,gogo,0,-0.0132,0,-0.0633,-0.0613,-0.0865,0,52,80,52,80,52_80,14.3363062,52,80,GOL_18,GOL_36,52_80,GOL_18_GOL_36
354,golden-62,grunt-103,gogr,0,-0.0132,0,-0.0117,-0.0119,0.0081,0,62,103,62,103,62_103,59.29458523,62,103,GOL_24,GRU_07,62_103,GOL_24_GRU_07
116,golden-42,golden-82,gogo,0,-0.0134,0,-0.0077,-0.0079,-0.0254,0,42,82,42,82,42_82,0,42,82,GOL_13,GOL_37,42_82,GOL_13_GOL_37
533,grunt-101,grunt-125,grgr,0,-0.0136,0,-0.0242,-0.0244,-0.0182,0,101,125,101,125,101_125,11.38247104,101,125,GRU_05,GRU_11,101_125,GRU_05_GRU_11
35,golden-114,golden-32,gogo,0,-0.0138,0,-0.0305,-0.0307,-0.022,0,114,32,32,114,32_114,10.40006396,32,114,GOL_11,GOL_46,32_114,GOL_11_GOL_46
156,golden-44,grunt-137,gogr,0,-0.0141,0,-0.0329,-0.0328,-0.0318,0,44,137,44,137,44_137,72.09307177,44,137,GOL_13,GRU_15,44_137,GOL_13_GRU_15
141,golden-44,golden-69,gogo,0,-0.0146,0,-0.0254,-0.0257,-0.0149,0,44,69,44,69,44_69,90.91586795,44,69,GOL_13,GOL_29,44_69,GOL_13_GOL_29
175,golden-52,golden-82,gogo,0,-0.0147,0,-0.0586,-0.0571,-0.0773,0,52,82,52,82,52_82,21.20669197,52,82,GOL_18,GOL_37,52_82,GOL_18_GOL_37
62,golden-114,grunt-133,gogr,0,-0.015,0,-0.0415,-0.0412,-0.0451,0,114,133,114,133,114_133,86.33925436,114,133,GOL_46,GRU_14,114_133,GOL_46_GRU_14
538,grunt-101,grunt-161,grgr,0,-0.015,0,-0.0719,-0.0693,-0.0566,0,101,161,101,161,101_161,7.318009868,101,161,GRU_05,GRU_21,101_161,GRU_05_GRU_21
113,golden-42,golden-74,gogo,0,-0.0153,0,-7e-4,-7e-4,-0.0161,0,42,74,42,74,42_74,12.89081165,42,74,GOL_13,GOL_33,42_74,GOL_13_GOL_33
285,golden-56,grunt-103,gogr,0,-0.0153,0,0.0028,0.0029,0.0107,0,56,103,56,103,56_103,70.2989585,56,103,GOL_19,GRU_07,56_103,GOL_19_GRU_07
222,golden-55,golden-62,gogo,0,-0.0156,0,-0.0485,-0.048,-0.0285,0,55,62,55,62,55_62,79.12900023,55,62,GOL_19,GOL_24,55_62,GOL_19_GOL_24
293,golden-56,grunt-161,gogr,0,-0.0156,0,-0.0231,-0.0234,-0.0165,0,56,161,56,161,56_161,79.10687734,56,161,GOL_19,GRU_21,56_161,GOL_19_GRU_21
133,golden-44,golden-55,gogo,0,-0.0159,0,-0.0657,-0.064,-0.054,0,44,55,44,55,44_55,28.52041348,44,55,GOL_13,GOL_19,44_55,GOL_13_GOL_19
17,curlew-225,golden-74,cugo,0,-0.016,0,-0.0512,-0.0505,-0.0338,0,225,74,74,225,74_225,2366.404853,74,225,GOL_33,CUR_02,74_225,GOL_33_CUR_02
150,golden-44,grunt-103,gogr,0,-0.0161,0,-0.0226,-0.0228,-0.0159,0,44,103,44,103,44_103,42.10795547,44,103,GOL_13,GRU_07,44_103,GOL_13_GRU_07
319,golden-59,long-206,golo,0,-0.0162,0,-0.0114,-0.0117,-0.0118,0,59,206,59,206,59_206,4969.600245,59,206,GOL_22,LON_07,59_206,GOL_22_LON_07
513,golden-84,grunt-137,gogr,0,-0.0162,0,-0.041,-0.0409,-0.0253,0,84,137,84,137,84_137,84.90205873,84,137,GOL_39,GRU_15,84_137,GOL_39_GRU_15
466,golden-80,grunt-104,gogr,0,-0.0163,0,-0.0319,-0.032,-0.0389,0,80,104,80,104,80_104,53.94107383,80,104,GOL_36,GRU_08,80_104,GOL_36_GRU_08
487,golden-81,grunt-156,gogr,0,-0.0163,0,-0.0555,-0.0546,-0.059,0,81,156,81,156,81_156,58.56285021,81,156,GOL_37,GRU_18,81_156,GOL_37_GRU_18
159,golden-44,grunt-180,gogr,0,-0.0164,0,-0.0099,-0.0101,-0.0052,0,44,180,44,180,44_180,46.88158975,44,180,GOL_13,GRU_27,44_180,GOL_13_GRU_27
456,golden-74,grunt-156,gogr,0,-0.0167,0,-0.0255,-0.0258,-0.0272,0,74,156,74,156,74_156,69.34260849,74,156,GOL_33,GRU_18,74_156,GOL_33_GRU_18
556,grunt-104,grunt-156,grgr,0,-0.0167,0,-0.0202,-0.0206,-0.0228,0,104,156,104,156,104_156,15.33321712,104,156,GRU_08,GRU_18,104_156,GRU_08_GRU_18
126,golden-42,grunt-137,gogr,0,-0.0168,0,-0.0101,-0.0103,-0.0253,0,42,137,42,137,42_137,72.09307177,42,137,GOL_13,GRU_15,42_137,GOL_13_GRU_15
419,golden-69,grunt-133,gogr,0,-0.0169,0,-0.0314,-0.0317,-0.0271,0,69,133,69,133,69_133,92.02367255,69,133,GOL_29,GRU_14,69_133,GOL_29_GRU_14
504,golden-82,long-206,golo,0,-0.0171,0,-0.0417,-0.0415,-0.0516,0,82,206,82,206,82_206,4964.771955,82,206,GOL_37,LON_07,82_206,GOL_37_LON_07
97,golden-32,grunt-161,gogr,0,-0.0172,0,-0.0442,-0.0437,-0.0383,0,32,161,32,161,32_161,58.25471643,32,161,GOL_11,GRU_21,32_161,GOL_11_GRU_21
391,golden-65,golden-82,gogo,0,-0.0177,0,-2e-4,-2e-4,-7e-4,0,65,82,65,82,65_82,77.0082714,65,82,GOL_26,GOL_37,65_82,GOL_26_GOL_37
317,golden-59,grunt-161,gogr,0,-0.0181,0,-0.0153,-0.0156,-0.0043,0,59,161,59,161,59_161,52.88327678,59,161,GOL_22,GRU_21,59_161,GOL_22_GRU_21
350,golden-62,golden-82,gogo,0,-0.0181,0,-0.0285,-0.0287,-0.0197,0,62,82,62,82,62_82,59.95912937,62,82,GOL_24,GOL_37,62_82,GOL_24_GOL_37
590,grunt-156,grunt-161,grgr,0,-0.0185,0,-0.0465,-0.0461,-0.042,0,156,161,156,161,156_161,25.29553554,156,161,GRU_18,GRU_21,156_161,GRU_18_GRU_21
389,golden-65,golden-80,gogo,0,-0.0186,0,-0.0096,-0.0099,-0.0137,0,65,80,65,80,65_80,86.09000007,65,80,GOL_26,GOL_36,65_80,GOL_26_GOL_36
516,golden-84,grunt-180,gogr,0,-0.0188,0,-0.0107,-0.011,6e-4,0,84,180,84,180,84_180,78.44618177,84,180,GOL_39,GRU_27,84_180,GOL_39_GRU_27
586,grunt-137,grunt-156,grgr,0,-0.0188,0,-0.038,-0.0381,-0.0322,0,137,156,137,156,137_156,28.60133872,137,156,GRU_15,GRU_18,137_156,GRU_15_GRU_18
82,golden-32,golden-74,gogo,0,-0.0189,0,-0.0256,-0.026,-0.0241,0,32,74,32,74,32_74,2.494102896,32,74,GOL_11,GOL_33,32_74,GOL_11_GOL_33
81,golden-32,golden-73,gogo,0,-0.019,0,-0.0129,-0.0132,-0.0125,0,32,73,32,73,32_73,2.494102896,32,73,GOL_11,GOL_33,32_73,GOL_11_GOL_33
142,golden-44,golden-73,gogo,0,-0.0191,0,-0.0263,-0.0267,-0.0225,0,44,73,44,73,44_73,12.89081165,44,73,GOL_13,GOL_33,44_73,GOL_13_GOL_33
180,golden-52,grunt-104,gogr,0,-0.0194,0,-0.0518,-0.0513,-0.0656,0,52,104,52,104,52_104,68.12002945,52,104,GOL_18,GRU_08,52_104,GOL_18_GRU_08
348,golden-62,golden-80,gogo,0,-0.0198,0,-0.0402,-0.0403,-0.0307,0,62,80,62,80,62_80,68.77845858,62,80,GOL_24,GOL_36,62_80,GOL_24_GOL_36
235,golden-55,grunt-104,gogr,0,-0.0199,0,-0.0475,-0.0473,-0.0449,0,55,104,55,104,55_104,75.90059549,55,104,GOL_19,GRU_08,55_104,GOL_19_GRU_08
157,golden-44,grunt-156,gogr,0,-0.0204,0,-0.0413,-0.0413,-0.041,0,44,156,44,156,44_156,58.56285021,44,156,GOL_13,GRU_18,44_156,GOL_13_GRU_18
501,golden-82,grunt-156,gogr,0,-0.0209,0,-0.0376,-0.0376,-0.0442,0,82,156,82,156,82_156,58.56285021,82,156,GOL_37,GRU_18,82_156,GOL_37_GRU_18
47,golden-114,golden-65,gogo,0,-0.0211,0,-0.0035,-0.0036,-0.0015,0,114,65,65,114,65_114,88.27444633,65,114,GOL_26,GOL_46,65_114,GOL_26_GOL_46
221,golden-55,golden-60,gogo,0,-0.0211,0,-0.0827,-0.0795,-0.0806,0,55,60,55,60,55_60,70.28329165,55,60,GOL_19,GOL_23,55_60,GOL_19_GOL_23
351,golden-62,golden-84,gogo,0,-0.0217,0,-0.0335,-0.0336,-0.0207,0,62,84,62,84,62_84,27.83001318,62,84,GOL_24,GOL_39,62_84,GOL_24_GOL_39
574,grunt-125,long-206,grlo,0,-0.0219,0,-0.0291,-0.0297,-0.0271,0,125,206,125,206,125_206,4995.852473,125,206,GRU_11,LON_07,125_206,GRU_11_LON_07
273,golden-56,golden-62,gogo,0,-0.0221,0,-0.0117,-0.0122,0.0013,0,56,62,56,62,56_62,79.12900023,56,62,GOL_19,GOL_24,56_62,GOL_19_GOL_24
320,golden-60,golden-62,gogo,0,-0.0223,0,-0.0561,-0.0553,-0.0459,0,60,62,60,62,60_62,15.06760233,60,62,GOL_23,GOL_24,60_62,GOL_23_GOL_24
366,golden-63,golden-69,gogo,0,-0.0223,0,0.0025,0.0026,-0.0061,0,63,69,63,69,63_69,37.91015435,63,69,GOL_25,GOL_29,63_69,GOL_25_GOL_29
497,golden-82,grunt-125,gogr,0,-0.0224,0,-0.0119,-0.0123,-0.0126,0,82,125,82,125,82_125,48.53845138,82,125,GOL_37,GRU_11,82_125,GOL_37_GRU_11
93,golden-32,grunt-128,gogr,0,-0.0227,0,-0.0397,-0.0399,-0.0285,0,32,128,32,128,32_128,69.48303704,32,128,GOL_11,GRU_12,32_128,GOL_11_GRU_12
564,grunt-124,grunt-156,grgr,0,-0.0232,0,-0.0082,-0.0085,-0.0159,0,124,156,124,156,124_156,27.48672723,124,156,GRU_11,GRU_18,124_156,GRU_11_GRU_18
172,golden-52,golden-74,gogo,0,-0.0236,0,-0.0599,-0.059,-0.074,0,52,74,52,74,52_74,12.00840799,52,74,GOL_18,GOL_33,52_74,GOL_18_GOL_33
343,golden-62,golden-63,gogo,0,-0.0238,0,-0.0016,-0.0017,-0.007,0,62,63,62,63,62_63,4.488965192,62,63,GOL_24,GOL_25,62_63,GOL_24_GOL_25
75,golden-32,golden-59,gogo,0,-0.0239,0,-0.0013,-0.0013,0.0014,0,32,59,32,59,32_59,5.691785514,32,59,GOL_11,GOL_22,32_59,GOL_11_GOL_22
158,golden-44,grunt-161,gogr,0,-0.0241,0,-0.0617,-0.0607,-0.0499,0,44,161,44,161,44_161,52.11700113,44,161,GOL_13,GRU_21,44_161,GOL_13_GRU_21
138,golden-44,golden-62,gogo,0,-0.0242,0,-0.0393,-0.0395,-0.0234,0,44,62,44,62,44_62,59.95912937,44,62,GOL_13,GOL_24,44_62,GOL_13_GOL_24
537,grunt-101,grunt-156,grgr,0,-0.0245,0,-0.0638,-0.0625,-0.0591,0,101,156,101,156,101_156,22.69188543,101,156,GRU_05,GRU_18,101_156,GRU_05_GRU_18
461,golden-80,golden-82,gogo,0,-0.0257,0,-0.0531,-0.0526,-0.0613,0,80,82,80,82,80_82,9.14710062,80,82,GOL_36,GOL_37,80_82,GOL_36_GOL_37
554,grunt-104,grunt-133,grgr,0,-0.0257,0,-0.0387,-0.039,-0.0476,0,104,133,104,133,104_133,25.62960427,104,133,GRU_08,GRU_14,104_133,GRU_08_GRU_14
393,golden-65,golden-86,gogo,0,-0.0258,0,8e-4,8e-4,-0.0042,0,65,86,65,86,65_86,22.14462575,65,86,GOL_26,GOL_41,65_86,GOL_26_GOL_41
355,golden-62,grunt-104,gogr,0,-0.0262,0,-0.0167,-0.0172,-0.0114,0,62,104,62,104,62_104,60.03132226,62,104,GOL_24,GRU_08,62_104,GOL_24_GRU_08
411,golden-69,golden-84,gogo,0,-0.0263,0,-0.0365,-0.037,-0.0208,0,69,84,69,84,69_84,7.872780414,69,84,GOL_29,GOL_39,69_84,GOL_29_GOL_39
83,golden-32,golden-80,gogo,0,-0.0266,0,-0.0525,-0.0523,-0.0531,0,32,80,32,80,32_80,1.626224354,32,80,GOL_11,GOL_36,32_80,GOL_11_GOL_36
279,golden-56,golden-80,gogo,0,-0.0267,0,-0.0318,-0.0323,-0.0341,0,56,80,56,80,56_80,22.3935961,56,80,GOL_19,GOL_36,56_80,GOL_19_GOL_36
433,golden-73,grunt-104,gogr,0,-0.0267,0,-0.0192,-0.0198,-0.0179,0,73,104,73,104,73_104,57.02605163,73,104,GOL_33,GRU_08,73_104,GOL_33_GRU_08
494,golden-82,grunt-103,gogr,0,-0.0267,0,-0.0342,-0.0346,-0.0276,0,82,103,82,103,82_103,42.10795547,82,103,GOL_37,GRU_07,82_103,GOL_37_GRU_07
53,golden-114,golden-82,gogo,0,-0.0273,0,-0.0456,-0.0455,-0.0497,0,114,82,82,114,82_114,16.37214747,82,114,GOL_37,GOL_46,82_114,GOL_37_GOL_46
233,golden-55,grunt-101,gogr,0,-0.0273,0,-0.0913,-0.0877,-0.0782,0,55,101,55,101,55_101,86.05942233,55,101,GOL_19,GRU_05,55_101,GOL_19_GRU_05
418,golden-69,grunt-128,gogr,0,-0.0274,0,-0.0381,-0.0385,-0.0248,0,69,128,69,128,69_128,90.75819696,69,128,GOL_29,GRU_12,69_128,GOL_29_GRU_12
303,golden-59,golden-80,gogo,0,-0.0275,0,-0.0227,-0.0233,-0.0244,0,59,80,59,80,59_80,4.06556116,59,80,GOL_22,GOL_36,59_80,GOL_22_GOL_36
15,curlew-225,golden-69,cugo,0,-0.0277,0,-0.0529,-0.0527,-0.031,0,225,69,69,225,69_225,2336.674801,69,225,GOL_29,CUR_02,69_225,GOL_29_CUR_02
595,grunt-180,long-206,grlo,0,-0.0277,0,-0.0293,-0.0299,-0.0251,0,180,206,180,206,180_206,4992.329034,180,206,GRU_27,LON_07,180_206,GRU_27_LON_07
230,golden-55,golden-82,gogo,0,-0.0278,0,-0.0669,-0.0656,-0.0657,0,55,82,55,82,55_82,28.52041348,55,82,GOL_19,GOL_37,55_82,GOL_19_GOL_37
374,golden-63,grunt-101,gogr,0,-0.028,0,-0.0405,-0.0407,-0.0527,0,63,101,63,101,63_101,73.41710956,63,101,GOL_25,GRU_05,63_101,GOL_25_GRU_05
553,grunt-104,grunt-128,grgr,0,-0.0286,0,-0.0388,-0.0393,-0.0365,0,104,128,104,128,104_128,19.73260696,104,128,GRU_08,GRU_12,104_128,GRU_08_GRU_12
572,grunt-125,grunt-161,grgr,0,-0.0291,0,-0.0275,-0.028,-0.0216,0,125,161,125,161,125_161,4.064461175,125,161,GRU_11,GRU_21,125_161,GRU_11_GRU_21
25,curlew-225,grunt-104,cugr,0,-0.0294,0,-0.0555,-0.0552,-0.0413,0,225,104,104,225,104_225,2393.928638,104,225,GRU_08,CUR_02,104_225,GRU_08_CUR_02
69,golden-32,golden-44,gogo,0,-0.0294,0,-0.0486,-0.0487,-0.0392,0,32,44,32,44,32_44,10.49360392,32,44,GOL_11,GOL_13,32_44,GOL_11_GOL_13
345,golden-62,golden-69,gogo,0,-0.0296,0,-0.0229,-0.0236,-0.005,0,62,69,62,69,62_69,33.42152284,62,69,GOL_24,GOL_29,62_69,GOL_24_GOL_29
424,golden-69,long-206,golo,0,-0.0297,0,-0.0487,-0.049,-0.0444,0,69,206,69,206,69_206,4915.306705,69,206,GOL_29,LON_07,69_206,GOL_29_LON_07
118,golden-42,golden-86,gogo,0,-0.0301,0,-0.0079,-0.0082,-0.0349,0,42,86,42,86,42_86,97.88505471,42,86,GOL_13,GOL_41,42_86,GOL_13_GOL_41
228,golden-55,golden-80,gogo,0,-0.0302,0,-0.0829,-0.0806,-0.0801,0,55,80,55,80,55_80,22.3935961,55,80,GOL_19,GOL_36,55_80,GOL_19_GOL_36
38,golden-114,golden-52,gogo,0,-0.0304,0,-0.0778,-0.076,-0.0807,0,114,52,52,114,52_114,6.054147908,52,114,GOL_18,GOL_46,52_114,GOL_18_GOL_46
59,golden-114,grunt-124,gogr,0,-0.0305,0,-0.0237,-0.0245,-0.0155,0,114,124,114,124,114_124,63.95135568,114,124,GOL_46,GRU_11,114_124,GOL_46_GRU_11
121,golden-42,grunt-104,gogr,0,-0.0306,0,-0.0157,-0.0163,-0.0285,0,42,104,42,104,42_104,47.62512954,42,104,GOL_13,GRU_08,42_104,GOL_13_GRU_08
408,golden-69,golden-80,gogo,0,-0.0307,0,-0.0508,-0.0509,-0.0486,0,69,80,69,80,69_80,100.0059043,69,80,GOL_29,GOL_36,69_80,GOL_29_GOL_36
284,golden-56,grunt-101,gogr,0,-0.031,0,-0.0442,-0.0444,-0.0416,0,56,101,56,101,56_101,86.05942233,56,101,GOL_19,GRU_05,56_101,GOL_19_GRU_05
428,golden-73,golden-82,gogo,0,-0.0311,0,-0.0355,-0.0361,-0.0383,0,73,82,73,82,73_82,12.89081165,73,82,GOL_33,GOL_37,73_82,GOL_33_GOL_37
234,golden-55,grunt-103,gogr,0,-0.0312,0,-0.056,-0.0557,-0.045,0,55,103,55,103,55_103,70.2989585,55,103,GOL_19,GRU_07,55_103,GOL_19_GRU_07
547,grunt-103,grunt-156,grgr,0,-0.0315,0,-0.0398,-0.0403,-0.0322,0,103,156,103,156,103_156,20.15680698,103,156,GRU_07,GRU_18,103_156,GRU_07_GRU_18
2,curlew-225,golden-32,cugo,0,-0.0319,0,-0.0651,-0.0643,-0.0476,0,225,32,32,225,32_225,2365.363847,32,225,GOL_11,CUR_02,32_225,GOL_11_CUR_02
522,golden-86,grunt-125,gogr,0,-0.0324,0,-0.0099,-0.0103,-0.0187,0,86,125,86,125,86_125,100.1429402,86,125,GOL_41,GRU_11,86_125,GOL_41_GRU_11
10,curlew-225,golden-59,cugo,0,-0.033,0,-0.0347,-0.0352,-0.017,0,225,59,59,225,59_225,2367.747499,59,225,GOL_22,CUR_02,59_225,GOL_22_CUR_02
442,golden-73,long-206,golo,0,-0.033,0,-0.0454,-0.0458,-0.0535,0,73,206,73,206,73_206,4970.181169,73,206,GOL_33,LON_07,73_206,GOL_33_LON_07
565,grunt-124,grunt-161,grgr,0,-0.0334,0,-0.0327,-0.0333,-0.033,0,124,161,124,161,124_161,4.064461175,124,161,GRU_11,GRU_21,124_161,GRU_11_GRU_21
182,golden-52,grunt-125,gogr,0,-0.0335,0,-0.0529,-0.0532,-0.0538,0,52,125,52,125,52_125,67.17914744,52,125,GOL_18,GRU_11,52_125,GOL_18_GRU_11
453,golden-74,grunt-128,gogr,0,-0.0335,0,-0.0467,-0.0471,-0.0408,0,74,128,74,128,74_128,70.45819098,74,128,GOL_33,GRU_12,74_128,GOL_33_GRU_12
561,grunt-124,grunt-128,grgr,0,-0.0338,0,-0.0205,-0.0212,-0.0254,0,124,128,124,128,124_128,15.11896981,124,128,GRU_11,GRU_12,124_128,GRU_11_GRU_12
401,golden-65,grunt-137,gogr,0,-0.0339,0,-0.0133,-0.0138,-0.0147,0,65,137,65,137,65_137,83.60744902,65,137,GOL_26,GRU_15,65_137,GOL_26_GRU_15
45,golden-114,golden-62,gogo,0,-0.0342,0,-0.0401,-0.0405,-0.0287,0,114,62,62,114,62_114,69.59494017,62,114,GOL_24,GOL_46,62_114,GOL_24_GOL_46
291,golden-56,grunt-137,gogr,0,-0.0342,0,-0.0272,-0.028,-0.0259,0,56,137,56,137,56_137,99.35090993,56,137,GOL_19,GRU_15,56_137,GOL_19_GRU_15
434,golden-73,grunt-124,gogr,0,-0.0342,0,-0.0039,-0.0041,-0.0105,0,73,124,73,124,73_124,55.35305509,73,124,GOL_33,GRU_11,73_124,GOL_33_GRU_11
298,golden-59,golden-63,gogo,0,-0.0343,0,0.0089,0.0094,-0.0051,0,59,63,59,63,59_63,62.4132622,59,63,GOL_22,GOL_25,59_63,GOL_22_GOL_25
352,golden-62,golden-86,gogo,0,-0.0345,0,-0.0264,-0.0271,-0.0235,0,62,86,62,86,62_86,38.37526013,62,86,GOL_24,GOL_41,62_86,GOL_24_GOL_41
103,golden-42,golden-55,gogo,0,-0.0347,0,-0.054,-0.0543,-0.0606,0,42,55,42,55,42_55,28.52041348,42,55,GOL_13,GOL_19,42_55,GOL_13_GOL_19
177,golden-52,golden-86,gogo,0,-0.0348,0,-0.0682,-0.0674,-0.0877,0,52,86,52,86,52_86,113.997007,52,86,GOL_18,GOL_41,52_86,GOL_18_GOL_41
489,golden-81,grunt-180,gogr,0,-0.0349,0,-0.0482,-0.0484,-0.04,0,81,180,81,180,81_180,46.88158975,81,180,GOL_37,GRU_27,81_180,GOL_37_GRU_27
140,golden-44,golden-65,gogo,0,-0.035,0,-0.0167,-0.0173,-0.0163,0,44,65,44,65,44_65,77.0082714,44,65,GOL_13,GOL_26,44_65,GOL_13_GOL_26
321,golden-60,golden-63,gogo,0,-0.0352,0,-0.0441,-0.0446,-0.0622,0,60,63,60,63,60_63,11.90908511,60,63,GOL_23,GOL_25,60_63,GOL_23_GOL_25
347,golden-62,golden-74,gogo,0,-0.0353,0,-0.0335,-0.0342,-0.0274,0,62,74,62,74,62_74,72.30270792,62,74,GOL_24,GOL_33,62_74,GOL_24_GOL_33
314,golden-59,grunt-133,gogr,0,-0.0355,0,-0.0277,-0.0285,-0.0287,0,59,133,59,133,59_133,71.57124999,59,133,GOL_22,GRU_14,59_133,GOL_22_GRU_14
322,golden-60,golden-65,gogo,0,-0.0357,0,-0.0377,-0.0382,-0.0402,0,60,65,60,65,60_65,34.20166551,60,65,GOL_23,GOL_26,60_65,GOL_23_GOL_26
447,golden-74,golden-86,gogo,0,-0.036,0,-0.0343,-0.035,-0.0429,0,74,86,74,86,74_86,110.4337535,74,86,GOL_33,GOL_41,74_86,GOL_33_GOL_41
281,golden-56,golden-82,gogo,0,-0.0362,0,-0.0285,-0.0293,-0.0332,0,56,82,56,82,56_82,28.52041348,56,82,GOL_19,GOL_37,56_82,GOL_19_GOL_37
94,golden-32,grunt-133,gogr,0,-0.0364,0,-0.0554,-0.0556,-0.0585,0,32,133,32,133,32_133,76.96126803,32,133,GOL_11,GRU_14,32_133,GOL_11_GRU_14
312,golden-59,grunt-125,gogr,0,-0.0366,0,0.0053,0.0056,0.0089,0,59,125,59,125,59_125,49.09176703,59,125,GOL_22,GRU_11,59_125,GOL_22_GRU_11
227,golden-55,golden-74,gogo,0,-0.0371,0,-0.0713,-0.0707,-0.0627,0,55,74,55,74,55_74,20.15264881,55,74,GOL_19,GOL_33,55_74,GOL_19_GOL_33
179,golden-52,grunt-103,gogr,0,-0.0372,0,-0.0694,-0.0686,-0.0707,0,52,103,52,103,52_103,62.48727968,52,103,GOL_18,GRU_07,52_103,GOL_18_GRU_07
528,golden-86,grunt-180,gogr,0,-0.0374,0,-0.0145,-0.0152,-0.0196,0,86,180,86,180,86_180,96.64857963,86,180,GOL_41,GRU_27,86_180,GOL_41_GRU_27
22,curlew-225,golden-86,cugo,0,-0.0378,0,-0.065,-0.0647,-0.0562,0,225,86,86,225,86_225,2325.976547,86,225,GOL_41,CUR_02,86_225,GOL_41_CUR_02
167,golden-52,golden-62,gogo,0,-0.0378,0,-0.0859,-0.0842,-0.0739,0,52,62,52,62,52_62,75.625253,52,62,GOL_18,GOL_24,52_62,GOL_18_GOL_24
239,golden-55,grunt-133,gogr,0,-0.038,0,-0.0812,-0.0794,-0.0864,0,55,133,55,133,55_133,97.80848065,55,133,GOL_19,GRU_14,55_133,GOL_19_GRU_14
482,golden-81,grunt-124,gogr,0,-0.038,0,-0.0476,-0.0481,-0.0563,0,81,124,81,124,81_124,48.53845138,81,124,GOL_37,GRU_11,81_124,GOL_37_GRU_11
170,golden-52,golden-69,gogo,0,-0.0383,0,-0.0674,-0.0669,-0.0738,0,52,69,52,69,52_69,108.2158075,52,69,GOL_18,GOL_29,52_69,GOL_18_GOL_29
36,golden-114,golden-42,gogo,0,-0.0386,0,-0.0333,-0.0341,-0.0482,0,114,42,42,114,42_114,16.37214747,42,114,GOL_13,GOL_46,42_114,GOL_13_GOL_46
359,golden-62,grunt-133,gogr,0,-0.0387,0,-0.0427,-0.0432,-0.0435,0,62,133,62,133,62_133,82.51136879,62,133,GOL_24,GRU_14,62_133,GOL_24_GRU_14
297,golden-59,golden-62,gogo,0,-0.0388,0,-0.0134,-0.014,0.0018,0,59,62,59,62,59_62,66.30702799,59,62,GOL_22,GOL_24,59_62,GOL_22_GOL_24
525,golden-86,grunt-137,gogr,0,-0.0388,0,-0.0443,-0.0449,-0.0502,0,86,137,86,137,86_137,103.2079466,86,137,GOL_41,GRU_15,86_137,GOL_41_GRU_15
523,golden-86,grunt-128,gogr,0,-0.0389,0,-0.0464,-0.0469,-0.0538,0,86,128,86,128,86_128,101.7657313,86,128,GOL_41,GRU_12,86_128,GOL_41_GRU_12
382,golden-63,grunt-156,gogr,0,-0.039,0,-0.029,-0.03,-0.0411,0,63,156,63,156,63_156,54.89961037,63,156,GOL_25,GRU_18,63_156,GOL_25_GRU_18
503,golden-82,grunt-180,gogr,0,-0.0391,0,-0.0293,-0.03,-0.0288,0,82,180,82,180,82_180,46.88158975,82,180,GOL_37,GRU_27,82_180,GOL_37_GRU_27
405,golden-65,long-206,golo,0,-0.0392,0,-0.0348,-0.0357,-0.0399,0,65,206,65,206,65_206,4922.19697,65,206,GOL_26,LON_07,65_206,GOL_26_LON_07
370,golden-63,golden-81,gogo,0,-0.0393,0,-0.0554,-0.0557,-0.0704,0,63,81,63,81,63_81,56.04662303,63,81,GOL_25,GOL_37,63_81,GOL_25_GOL_37
294,golden-56,grunt-180,gogr,0,-0.0395,0,-0.0031,-0.0033,-0.0026,0,56,180,56,180,56_180,74.12577168,56,180,GOL_19,GRU_27,56_180,GOL_19_GRU_27
369,golden-63,golden-80,gogo,0,-0.0395,0,-0.0409,-0.0417,-0.0576,0,63,80,63,80,63_80,64.77817244,63,80,GOL_25,GOL_36,63_80,GOL_25_GOL_36
48,golden-114,golden-69,gogo,0,-0.0397,0,-0.048,-0.0486,-0.0356,0,114,69,69,114,69_114,102.1616934,69,114,GOL_29,GOL_46,69_114,GOL_29_GOL_46
373,golden-63,golden-86,gogo,0,-0.0398,0,-0.0151,-0.0159,-0.0387,0,63,86,63,86,63_86,42.68714686,63,86,GOL_25,GOL_41,63_86,GOL_25_GOL_41
375,golden-63,grunt-103,gogr,0,-0.04,0,-0.0181,-0.0188,-0.0244,0,63,103,63,103,63_103,57.88571529,63,103,GOL_25,GRU_07,63_103,GOL_25_GRU_07
541,grunt-103,grunt-104,grgr,0,-0.0408,0,-0.0325,-0.0334,-0.0288,0,103,104,103,104,103_104,5.690785529,103,104,GRU_07,GRU_08,103_104,GRU_07_GRU_08
101,golden-42,golden-52,gogo,0,-0.0412,0,-0.0629,-0.0629,-0.0898,0,42,52,42,52,42_52,21.20669197,42,52,GOL_13,GOL_18,42_52,GOL_13_GOL_18
105,golden-42,golden-56,gogo,0,-0.0416,0,-0.0105,-0.0111,-0.0271,0,42,56,42,56,42_56,28.52041348,42,56,GOL_13,GOL_19,42_56,GOL_13_GOL_19
46,golden-114,golden-63,gogo,0,-0.0417,0,-0.0305,-0.0314,-0.0411,0,114,63,63,114,63_114,65.30391615,63,114,GOL_25,GOL_46,63_114,GOL_25_GOL_46
385,golden-63,long-206,golo,0,-0.0421,0,-0.0446,-0.0453,-0.0671,0,63,206,63,206,63_206,4925.046474,63,206,GOL_25,LON_07,63_206,GOL_25_LON_07
407,golden-69,golden-74,gogo,0,-0.0421,0,-0.0462,-0.047,-0.038,0,69,74,69,74,69_74,103.677887,69,74,GOL_29,GOL_33,69_74,GOL_29_GOL_33
40,golden-114,golden-55,gogo,0,-0.0422,0,-0.0893,-0.0872,-0.0779,0,114,55,55,114,55_114,12.19568294,55,114,GOL_19,GOL_46,55_114,GOL_19_GOL_46
570,grunt-125,grunt-137,grgr,0,-0.0423,0,-0.0361,-0.0371,-0.0287,0,125,137,125,137,125_137,24.20826625,125,137,GRU_11,GRU_15,125_137,GRU_11_GRU_15
13,curlew-225,golden-63,cugo,0,-0.0424,0,-0.0558,-0.0563,-0.0486,0,225,63,63,225,63_225,2336.107697,63,225,GOL_25,CUR_02,63_225,GOL_25_CUR_02
124,golden-42,grunt-128,gogr,0,-0.0425,0,-0.0372,-0.0381,-0.055,0,42,128,42,128,42_128,63.26946456,42,128,GOL_13,GRU_12,42_128,GOL_13_GRU_12
524,golden-86,grunt-133,gogr,0,-0.0428,0,-0.056,-0.0565,-0.0704,0,86,133,86,133,86_133,103.1951516,86,133,GOL_41,GRU_14,86_133,GOL_41_GRU_14
526,golden-86,grunt-156,gogr,0,-0.0439,0,-0.0451,-0.046,-0.0561,0,86,156,86,156,86_156,75.7599625,86,156,GOL_41,GRU_18,86_156,GOL_41_GRU_18
315,golden-59,grunt-137,gogr,0,-0.0443,0,-0.0263,-0.0272,-0.0215,0,59,137,59,137,59_137,73.10658289,59,137,GOL_22,GRU_15,59_137,GOL_22_GRU_15
130,golden-42,long-206,golo,0,-0.0447,0,-0.0481,-0.0489,-0.0738,0,42,206,42,206,42_206,4964.771955,42,206,GOL_13,LON_07,42_206,GOL_13_LON_07
313,golden-59,grunt-128,gogr,0,-0.0449,0,-0.0309,-0.032,-0.0218,0,59,128,59,128,59_128,64.1138972,59,128,GOL_22,GRU_12,59_128,GOL_22_GRU_12
55,golden-114,golden-86,gogo,0,-0.0452,0,-0.0537,-0.0543,-0.0589,0,114,86,86,114,86_114,107.9691537,86,114,GOL_41,GOL_46,86_114,GOL_41_GOL_46
112,golden-42,golden-73,gogo,0,-0.0458,0,-0.0231,-0.0242,-0.0399,0,42,73,42,73,42_73,12.89081165,42,73,GOL_13,GOL_33,42_73,GOL_13_GOL_33
441,golden-73,grunt-180,gogr,0,-0.0461,0,-0.023,-0.024,-0.0191,0,73,180,73,180,73_180,54.39458612,73,180,GOL_33,GRU_27,73_180,GOL_33_GRU_27
110,golden-42,golden-65,gogo,0,-0.0464,0,-0.0082,-0.0087,-0.0226,0,42,65,42,65,42_65,77.0082714,42,65,GOL_13,GOL_26,42_65,GOL_13_GOL_26
569,grunt-125,grunt-133,grgr,0,-0.0465,0,-0.0414,-0.0425,-0.0464,0,125,133,125,133,125_133,22.62738526,125,133,GRU_11,GRU_14,125_133,GRU_11_GRU_14
146,golden-44,golden-82,gogo,0,-0.0468,0,-0.067,-0.0668,-0.0697,0,44,82,44,82,44_82,0,44,82,GOL_13,GOL_37,44_82,GOL_13_GOL_37
496,golden-82,grunt-124,gogr,0,-0.0473,0,-0.0341,-0.0352,-0.0426,0,82,124,82,124,82_124,48.53845138,82,124,GOL_37,GRU_11,82_124,GOL_37_GRU_11
452,golden-74,grunt-125,gogr,0,-0.0475,0,-0.0316,-0.0327,-0.0342,0,74,125,74,125,74_125,55.35305509,74,125,GOL_33,GRU_11,74_125,GOL_33_GRU_11
376,golden-63,grunt-104,gogr,0,-0.0476,0,-0.0254,-0.0266,-0.0393,0,63,104,63,104,63_104,59.03338953,63,104,GOL_25,GRU_08,63_104,GOL_25_GRU_08
306,golden-59,golden-84,gogo,0,-0.0484,0,-0.0336,-0.0347,-0.0269,0,59,84,59,84,59_84,89.76475105,59,84,GOL_22,GOL_39,59_84,GOL_22_GOL_39
581,grunt-133,grunt-137,grgr,0,-0.0487,0,-0.0773,-0.0766,-0.0816,0,133,137,133,137,133_137,1.626224355,133,137,GRU_14,GRU_15,133_137,GRU_14_GRU_15
416,golden-69,grunt-124,gogr,0,-0.0491,0,-0.0187,-0.0198,-0.02,0,69,124,69,124,69_124,89.67661862,69,124,GOL_29,GRU_11,69_124,GOL_29_GRU_11
468,golden-80,grunt-125,gogr,0,-0.0492,0,-0.0571,-0.0578,-0.0559,0,80,125,80,125,80_125,52.88430628,80,125,GOL_36,GRU_11,80_125,GOL_36_GRU_11
483,golden-81,grunt-125,gogr,0,-0.0493,0,-0.0636,-0.0639,-0.0683,0,81,125,81,125,81_125,48.53845138,81,125,GOL_37,GRU_11,81_125,GOL_37_GRU_11
85,golden-32,golden-82,gogo,0,-0.0495,0,-0.0589,-0.0593,-0.0642,0,32,82,32,82,32_82,10.49360392,32,82,GOL_11,GOL_37,32_82,GOL_11_GOL_37
176,golden-52,golden-84,gogo,0,-0.0496,0,-0.0996,-0.0971,-0.1015,0,52,84,52,84,52_84,101.4094324,52,84,GOL_18,GOL_39,52_84,GOL_18_GOL_39
549,grunt-103,grunt-180,grgr,0,-0.0499,0,-0.0295,-0.0307,-0.012,0,103,180,103,180,103_180,9.424192308,103,180,GRU_07,GRU_27,103_180,GRU_07_GRU_27
509,golden-84,grunt-124,gogr,0,-0.0501,0,-0.0374,-0.0387,-0.0377,0,84,124,84,124,84_124,81.91376578,84,124,GOL_39,GRU_11,84_124,GOL_39_GRU_11
438,golden-73,grunt-137,gogr,0,-0.0505,0,-0.0492,-0.05,-0.0513,0,73,137,73,137,73_137,79.51606383,73,137,GOL_33,GRU_15,73_137,GOL_33_GRU_15
492,golden-82,golden-86,gogo,0,-0.0505,0,-0.053,-0.0537,-0.0685,0,82,86,82,86,82_86,97.88505471,82,86,GOL_37,GOL_41,82_86,GOL_37_GOL_41
276,golden-56,golden-69,gogo,0,-0.0511,0,-0.0361,-0.0376,-0.0266,0,56,69,56,69,56_69,112.1994872,56,69,GOL_19,GOL_29,56_69,GOL_19_GOL_29
168,golden-52,golden-63,gogo,0,-0.0513,0,-0.0631,-0.0636,-0.0904,0,52,63,52,63,52_63,71.3232827,52,63,GOL_18,GOL_25,52_63,GOL_18_GOL_25
472,golden-80,grunt-156,gogr,0,-0.0514,0,-0.0776,-0.0772,-0.0852,0,80,156,80,156,80_156,65.9666162,80,156,GOL_36,GRU_18,80_156,GOL_36_GRU_18
283,golden-56,golden-86,gogo,0,-0.0515,0,-0.0307,-0.032,-0.04,0,56,86,56,86,56_86,117.3430288,56,86,GOL_19,GOL_41,56_86,GOL_19_GOL_41
576,grunt-128,grunt-137,grgr,0,-0.0515,0,-0.0778,-0.0773,-0.067,0,128,137,128,137,128_137,9.101915344,128,137,GRU_12,GRU_15,128_137,GRU_12_GRU_15
368,golden-63,golden-74,gogo,0,-0.0517,0,-0.0324,-0.0337,-0.0482,0,63,74,63,74,63_74,68.26256818,63,74,GOL_25,GOL_33,63_74,GOL_25_GOL_33
591,grunt-156,grunt-180,grgr,0,-0.0522,0,-0.0453,-0.0467,-0.0366,0,156,180,156,180,156_180,24.68775988,156,180,GRU_18,GRU_27,156_180,GRU_18_GRU_27
384,golden-63,grunt-180,gogr,0,-0.0528,0,-0.0163,-0.0172,-0.0261,0,63,180,63,180,63_180,67.3085523,63,180,GOL_25,GRU_27,63_180,GOL_25_GRU_27
563,grunt-124,grunt-137,grgr,0,-0.0533,0,-0.0354,-0.0367,-0.0412,0,124,137,124,137,124_137,24.20826625,124,137,GRU_11,GRU_15,124_137,GRU_11_GRU_15
330,golden-60,golden-86,gogo,0,-0.0536,0,-0.0781,-0.0779,-0.0907,0,60,86,60,86,60_86,48.45656489,60,86,GOL_23,GOL_41,60_86,GOL_23_GOL_41
166,golden-52,golden-60,gogo,0,-0.0551,0,-0.1288,-0.123,-0.1414,0,52,60,52,60,52_60,68.09837716,52,60,GOL_18,GOL_23,52_60,GOL_18_GOL_23
219,golden-55,golden-56,gogo,0,-0.056,0,-0.0693,-0.0698,-0.0683,0,55,56,55,56,55_56,0,55,56,GOL_19,GOL_19,55_56,GOL_19_GOL_19
519,golden-86,grunt-103,gogr,0,-0.056,0,-0.0483,-0.0496,-0.0524,0,86,103,86,103,86_103,88.05517823,86,103,GOL_41,GRU_07,86_103,GOL_41_GRU_07
323,golden-60,golden-69,gogo,0,-0.0563,0,-0.0802,-0.0798,-0.0802,0,60,69,60,69,60_69,46.04533418,60,69,GOL_23,GOL_29,60_69,GOL_23_GOL_29
371,golden-63,golden-82,gogo,0,-0.0564,0,-0.042,-0.0433,-0.0635,0,63,82,63,82,63_82,56.04662303,63,82,GOL_25,GOL_37,63_82,GOL_25_GOL_37
392,golden-65,golden-84,gogo,0,-0.0569,0,-0.0414,-0.043,-0.0338,0,65,84,65,84,65_84,7.560404864,65,84,GOL_26,GOL_39,65_84,GOL_26_GOL_39
280,golden-56,golden-81,gogo,0,-0.0571,0,-0.073,-0.0734,-0.0766,0,56,81,56,81,56_81,28.52041348,56,81,GOL_19,GOL_37,56_81,GOL_19_GOL_37
579,grunt-128,grunt-180,grgr,0,-0.0573,0,-0.059,-0.06,-0.0428,0,128,180,128,180,128_180,16.39035389,128,180,GRU_12,GRU_27,128_180,GRU_12_GRU_27
76,golden-32,golden-60,gogo,0,-0.0574,0,-0.0915,-0.0903,-0.0941,0,32,60,32,60,32_60,64.61996058,32,60,GOL_11,GOL_23,32_60,GOL_11_GOL_23
171,golden-52,golden-73,gogo,0,-0.0574,0,-0.0854,-0.085,-0.0995,0,52,73,52,73,52_73,12.00840799,52,73,GOL_18,GOL_33,52_73,GOL_18_GOL_33
439,golden-73,grunt-156,gogr,0,-0.0574,0,-0.0552,-0.0565,-0.0584,0,73,156,73,156,73_156,69.34260849,73,156,GOL_33,GRU_18,73_156,GOL_33_GRU_18
377,golden-63,grunt-124,gogr,0,-0.0575,0,-0.0115,-0.0123,-0.0351,0,63,124,63,124,63_124,70.85106868,63,124,GOL_25,GRU_11,63_124,GOL_25_GRU_11
593,grunt-161,grunt-180,grgr,0,-0.0576,0,-0.0643,-0.0651,-0.0499,0,161,180,161,180,161_180,5.41948854,161,180,GRU_21,GRU_27,161_180,GRU_21_GRU_27
225,golden-55,golden-69,gogo,0,-0.0578,0,-0.0869,-0.0866,-0.0732,0,55,69,55,69,55_69,112.1994872,55,69,GOL_19,GOL_29,55_69,GOL_19_GOL_29
5,curlew-225,golden-52,cugo,0,-0.058,0,-0.1257,-0.1207,-0.1177,0,225,52,52,225,52_225,2356.829751,52,225,GOL_18,CUR_02,52_225,GOL_18_CUR_02
223,golden-55,golden-63,gogo,0,-0.0584,0,-0.0703,-0.0711,-0.0776,0,55,63,55,63,55_63,74.72200473,55,63,GOL_19,GOL_25,55_63,GOL_19_GOL_25
305,golden-59,golden-82,gogo,0,-0.0587,0,-0.0421,-0.0436,-0.0413,0,59,82,59,82,59_82,6.37923289,59,82,GOL_22,GOL_37,59_82,GOL_22_GOL_37
558,grunt-104,grunt-180,grgr,0,-0.059,0,-0.0406,-0.0424,-0.0292,0,104,180,104,180,104_180,10.13368271,104,180,GRU_08,GRU_27,104_180,GRU_08_GRU_27
372,golden-63,golden-84,gogo,0,-0.0595,0,-0.0497,-0.0511,-0.0647,0,63,84,63,84,63_84,32.26386959,63,84,GOL_25,GOL_39,63_84,GOL_25_GOL_39
436,golden-73,grunt-128,gogr,0,-0.0596,0,-0.0664,-0.0674,-0.0609,0,73,128,73,128,73_128,70.45819098,73,128,GOL_33,GRU_12,73_128,GOL_33_GRU_12
545,grunt-103,grunt-133,grgr,0,-0.0596,0,-0.07,-0.0707,-0.0694,0,103,133,103,133,103_133,29.88054999,103,133,GRU_07,GRU_14,103_133,GRU_07_GRU_14
240,golden-55,grunt-137,gogr,0,-0.0604,0,-0.1041,-0.1019,-0.0959,0,55,137,55,137,55_137,99.35090993,55,137,GOL_19,GRU_15,55_137,GOL_19_GRU_15
58,golden-114,grunt-104,gogr,0,-0.061,0,-0.0641,-0.065,-0.0665,0,114,104,104,114,104_114,63.91527034,104,114,GRU_08,GOL_46,104_114,GRU_08_GOL_46
292,golden-56,grunt-156,gogr,0,-0.0612,0,-0.0517,-0.0533,-0.0556,0,56,156,56,156,56_156,87.06937939,56,156,GOL_19,GRU_18,56_156,GOL_19_GRU_18
148,golden-44,golden-86,gogo,0,-0.0614,0,-0.0718,-0.0727,-0.0758,0,44,86,44,86,44_86,97.88505471,44,86,GOL_13,GOL_41,44_86,GOL_13_GOL_41
316,golden-59,grunt-156,gogr,0,-0.0617,0,-0.0466,-0.0484,-0.0411,0,59,156,59,156,59_156,61.90827289,59,156,GOL_22,GRU_18,59_156,GOL_22_GRU_18
344,golden-62,golden-65,gogo,0,-0.0621,0,-0.0305,-0.032,-0.0212,0,62,65,62,65,62_65,20.27067647,62,65,GOL_24,GOL_26,62_65,GOL_24_GOL_26
511,golden-84,grunt-128,gogr,0,-0.0621,0,-0.0811,-0.0811,-0.0728,0,84,128,84,128,84_128,83.34147108,84,128,GOL_39,GRU_12,84_128,GOL_39_GRU_12
111,golden-42,golden-69,gogo,0,-0.063,0,-0.0487,-0.0507,-0.054,0,42,69,42,69,42_69,90.91586795,42,69,GOL_13,GOL_29,42_69,GOL_13_GOL_29
169,golden-52,golden-65,gogo,0,-0.0631,0,-0.0733,-0.0743,-0.0827,0,52,65,52,65,52_65,94.32841556,52,65,GOL_18,GOL_26,52_65,GOL_18_GOL_26
300,golden-59,golden-69,gogo,0,-0.0633,0,-0.033,-0.0348,-0.0248,0,59,69,59,69,59_69,97.07068164,59,69,GOL_22,GOL_29,59_69,GOL_22_GOL_29
108,golden-42,golden-62,gogo,0,-0.0637,0,-0.0474,-0.0492,-0.0534,0,42,62,42,62,42_62,59.95912937,42,62,GOL_13,GOL_24,42_62,GOL_13_GOL_24
271,golden-56,golden-59,gogo,0,-0.0638,0,-0.0177,-0.0189,-0.0213,0,56,59,56,59,56_59,26.26565365,56,59,GOL_19,GOL_22,56_59,GOL_19_GOL_22
164,golden-52,golden-56,gogo,0,-0.0642,0,-0.0832,-0.0834,-0.0956,0,52,56,52,56,52_56,8.147901746,52,56,GOL_18,GOL_19,52_56,GOL_18_GOL_19
91,golden-32,grunt-124,gogr,0,-0.0643,0,-0.0404,-0.0423,-0.0439,0,32,124,32,124,32_124,54.41235642,32,124,GOL_11,GRU_11,32_124,GOL_11_GRU_11
458,golden-74,grunt-180,gogr,0,-0.0648,0,-0.0522,-0.054,-0.0441,0,74,180,74,180,74_180,54.39458612,74,180,GOL_33,GRU_27,74_180,GOL_33_GRU_27
288,golden-56,grunt-125,gogr,0,-0.0653,0,-0.0274,-0.029,-0.0324,0,56,125,56,125,56_125,75.27532017,56,125,GOL_19,GRU_11,56_125,GOL_19_GRU_11
573,grunt-125,grunt-180,grgr,0,-0.0662,0,-0.0247,-0.0261,-0.0234,0,125,180,125,180,125_180,3.584753582,125,180,GRU_11,GRU_27,125_180,GRU_11_GRU_27
378,golden-63,grunt-125,gogr,0,-0.0663,0,-0.0265,-0.0282,-0.0386,0,63,125,63,125,63_125,70.85106868,63,125,GOL_25,GRU_11,63_125,GOL_25_GRU_11
27,curlew-225,grunt-125,cugr,0,-0.0668,0,-0.0707,-0.0715,-0.0599,0,225,125,125,225,125_225,2403.75547,125,225,GRU_11,CUR_02,125_225,GRU_11_CUR_02
310,golden-59,grunt-104,gogr,0,-0.0672,0,-0.0391,-0.0412,-0.0363,0,59,104,59,104,59_104,49.89832052,59,104,GOL_22,GRU_08,59_104,GOL_22_GRU_08
66,golden-114,grunt-180,gogr,0,-0.0681,0,-0.0584,-0.0601,-0.0456,0,114,180,114,180,114_180,62.5941926,114,180,GOL_46,GRU_27,114_180,GOL_46_GRU_27
236,golden-55,grunt-124,gogr,0,-0.0682,0,-0.078,-0.079,-0.0766,0,55,124,55,124,55_124,75.27532017,55,124,GOL_19,GRU_11,55_124,GOL_19_GRU_11
562,grunt-124,grunt-133,grgr,0,-0.0699,0,-0.0568,-0.0587,-0.0707,0,124,133,124,133,124_133,22.62738526,124,133,GRU_11,GRU_14,124_133,GRU_11_GRU_14
560,grunt-124,grunt-125,grgr,0,-0.0702,0,-0.0269,-0.0288,-0.0285,0,124,125,124,125,124_125,0,124,125,GRU_11,GRU_11,124_125,GRU_11_GRU_11
98,golden-32,grunt-180,gogr,0,-0.0703,0,-0.0568,-0.0588,-0.0446,0,32,180,32,180,32_180,53.30994964,32,180,GOL_11,GRU_27,32_180,GOL_11_GRU_27
181,golden-52,grunt-124,gogr,0,-0.0703,0,-0.0809,-0.0818,-0.0958,0,52,124,52,124,52_124,67.17914744,52,124,GOL_18,GRU_11,52_124,GOL_18_GRU_11
274,golden-56,golden-63,gogo,0,-0.0705,0,-0.0332,-0.0352,-0.0498,0,56,63,56,63,56_63,74.72200473,56,63,GOL_19,GOL_25,56_63,GOL_19_GOL_25
289,golden-56,grunt-128,gogr,0,-0.0705,0,-0.0643,-0.066,-0.0631,0,56,128,56,128,56_128,90.33708545,56,128,GOL_19,GRU_12,56_128,GOL_19_GRU_12
451,golden-74,grunt-124,gogr,0,-0.0708,0,-0.0452,-0.0474,-0.0515,0,74,124,74,124,74_124,55.35305509,74,124,GOL_33,GRU_11,74_124,GOL_33_GRU_11
117,golden-42,golden-84,gogo,0,-0.0716,0,-0.0713,-0.073,-0.0799,0,42,84,42,84,42_84,83.66920238,42,84,GOL_13,GOL_39,42_84,GOL_13_GOL_39
550,grunt-103,long-206,grlo,0,-0.0718,0,-0.0938,-0.0937,-0.0902,0,103,206,103,206,103_206,4982.905508,103,206,GRU_07,LON_07,103_206,GRU_07_LON_07
86,golden-32,golden-84,gogo,0,-0.0752,0,-0.0893,-0.0901,-0.0775,0,32,84,32,84,32_84,94.02017877,32,84,GOL_11,GOL_39,32_84,GOL_11_GOL_39
242,golden-55,grunt-161,gogr,0,-0.0754,0,-0.129,-0.1249,-0.1221,0,55,161,55,161,55_161,79.10687734,55,161,GOL_19,GRU_21,55_161,GOL_19_GRU_21
165,golden-52,golden-59,gogo,0,-0.0758,0,-0.0846,-0.0856,-0.091,0,52,59,52,59,52_59,18.28786187,52,59,GOL_18,GOL_22,52_59,GOL_18_GOL_22
307,golden-59,golden-86,gogo,0,-0.0764,0,-0.0389,-0.041,-0.0508,0,59,86,59,86,59_86,104.1666897,59,86,GOL_22,GOL_41,59_86,GOL_22_GOL_41
153,golden-44,grunt-125,gogr,0,-0.0771,0,-0.0752,-0.0769,-0.0685,0,44,125,44,125,44_125,48.53845138,44,125,GOL_13,GRU_11,44_125,GOL_13_GRU_11
278,golden-56,golden-74,gogo,0,-0.0773,0,-0.0643,-0.0666,-0.0657,0,56,74,56,74,56_74,20.15264881,56,74,GOL_19,GOL_33,56_74,GOL_19_GOL_33
301,golden-59,golden-73,gogo,0,-0.0774,0,-0.0455,-0.048,-0.0435,0,59,73,59,73,59_73,7.557580505,59,73,GOL_22,GOL_33,59_73,GOL_22_GOL_33
123,golden-42,grunt-125,gogr,0,-0.0784,0,-0.0421,-0.0446,-0.0562,0,42,125,42,125,42_125,48.53845138,42,125,GOL_13,GRU_11,42_125,GOL_13_GRU_11
286,golden-56,grunt-104,gogr,0,-0.0784,0,-0.0574,-0.0599,-0.0614,0,56,104,56,104,56_104,75.90059549,56,104,GOL_19,GRU_08,56_104,GOL_19_GRU_08
402,golden-65,grunt-156,gogr,0,-0.0784,0,-0.0532,-0.0556,-0.0591,0,65,156,65,156,65_156,55.38292113,65,156,GOL_26,GRU_18,65_156,GOL_26_GRU_18
277,golden-56,golden-73,gogo,0,-0.0788,0,-0.0523,-0.0548,-0.0572,0,56,73,56,73,56_73,20.15264881,56,73,GOL_19,GOL_33,56_73,GOL_19_GOL_33
414,golden-69,grunt-103,gogr,0,-0.0801,0,-0.0663,-0.0684,-0.0566,0,69,103,69,103,69_103,77.84703562,69,103,GOL_29,GRU_07,69_103,GOL_29_GRU_07
417,golden-69,grunt-125,gogr,0,-0.0805,0,-0.0555,-0.0579,-0.0529,0,69,125,69,125,69_125,89.67661862,69,125,GOL_29,GRU_11,69_125,GOL_29_GRU_11
567,grunt-124,long-206,grlo,0,-0.0812,0,-0.0729,-0.075,-0.088,0,124,206,124,206,124_206,4995.852473,124,206,GRU_11,LON_07,124_206,GRU_11_LON_07
539,grunt-101,grunt-180,grgr,0,-0.0813,0,-0.0905,-0.0913,-0.0786,0,101,180,101,180,101_180,11.93366204,101,180,GRU_05,GRU_27,101_180,GRU_05_GRU_27
543,grunt-103,grunt-125,grgr,0,-0.0821,0,-0.0597,-0.0623,-0.0502,0,103,125,103,125,103_125,12.96993848,103,125,GRU_07,GRU_11,103_125,GRU_07_GRU_11
364,golden-62,long-206,golo,0,-0.0824,0,-0.1065,-0.1064,-0.0996,0,62,206,62,206,62_206,4923.928657,62,206,GOL_24,LON_07,62_206,GOL_24_LON_07
60,golden-114,grunt-125,gogr,0,-0.0827,0,-0.0755,-0.0776,-0.0658,0,114,125,114,125,114_125,63.95135568,114,125,GOL_46,GRU_11,114_125,GOL_46_GRU_11
474,golden-80,grunt-180,gogr,0,-0.083,0,-0.0808,-0.0826,-0.0769,0,80,180,80,180,80_180,51.74935856,80,180,GOL_36,GRU_27,80_180,GOL_36_GRU_27
521,golden-86,grunt-124,gogr,0,-0.084,0,-0.0557,-0.0584,-0.0752,0,86,124,86,124,86_124,100.1429402,86,124,GOL_41,GRU_11,86_124,GOL_41_GRU_11
122,golden-42,grunt-124,gogr,0,-0.0842,0,-0.0408,-0.0435,-0.066,0,42,124,42,124,42_124,48.53845138,42,124,GOL_13,GRU_11,42_124,GOL_13_GRU_11
551,grunt-104,grunt-124,grgr,0,-0.0861,0,-0.0535,-0.0564,-0.067,0,104,124,104,124,104_124,13.49425133,104,124,GRU_08,GRU_11,104_124,GRU_08_GRU_11
381,golden-63,grunt-137,gogr,0,-0.0869,0,-0.0747,-0.077,-0.0854,0,63,137,63,137,63_137,82.90543911,63,137,GOL_25,GRU_15,63_137,GOL_25_GRU_15
127,golden-42,grunt-156,gogr,0,-0.0871,0,-0.08,-0.0823,-0.0982,0,42,156,42,156,42_156,58.56285021,42,156,GOL_13,GRU_18,42_156,GOL_13_GRU_18
395,golden-65,grunt-103,gogr,0,-0.0882,0,-0.0517,-0.0545,-0.0484,0,65,103,65,103,65_103,66.21880415,65,103,GOL_26,GRU_07,65_103,GOL_26_GRU_07
432,golden-73,grunt-103,gogr,0,-0.0884,0,-0.0806,-0.0831,-0.0707,0,73,103,73,103,73_103,51.34784464,73,103,GOL_33,GRU_07,73_103,GOL_33_GRU_07
449,golden-74,grunt-103,gogr,0,-0.0886,0,-0.0879,-0.0897,-0.0801,0,74,103,74,103,74_103,51.34784464,74,103,GOL_33,GRU_07,74_103,GOL_33_GRU_07
304,golden-59,golden-81,gogo,0,-0.0888,0,-0.0941,-0.0953,-0.0949,0,59,81,59,81,59_81,6.37923289,59,81,GOL_22,GOL_37,59_81,GOL_22_GOL_37
290,golden-56,grunt-133,gogr,0,-0.089,0,-0.0892,-0.0912,-0.0957,0,56,133,56,133,56_133,97.80848065,56,133,GOL_19,GRU_14,56_133,GOL_19_GRU_14
275,golden-56,golden-65,gogo,0,-0.0909,0,-0.0414,-0.0443,-0.0494,0,56,65,56,65,56_65,98.41893874,56,65,GOL_19,GOL_26,56_65,GOL_19_GOL_26
74,golden-32,golden-56,gogo,0,-0.0915,0,-0.0752,-0.0778,-0.0779,0,32,56,32,56,32_56,20.86540201,32,56,GOL_11,GOL_19,32_56,GOL_11_GOL_19
566,grunt-124,grunt-180,grgr,0,-0.0916,0,-0.046,-0.0491,-0.048,0,124,180,124,180,124_180,3.584753582,124,180,GRU_11,GRU_27,124_180,GRU_11_GRU_27
346,golden-62,golden-73,gogo,0,-0.0926,0,-0.0867,-0.0889,-0.0751,0,62,73,62,73,62_73,72.30270792,62,73,GOL_24,GOL_33,62_73,GOL_24_GOL_33
430,golden-73,golden-86,gogo,0,-0.0938,0,-0.0793,-0.0822,-0.0906,0,73,86,73,86,73_86,110.4337535,73,86,GOL_33,GOL_41,73_86,GOL_33_GOL_41
508,golden-84,grunt-104,gogr,0,-0.0945,0,-0.1006,-0.1021,-0.1006,0,84,104,84,104,84_104,68.44411621,84,104,GOL_39,GRU_08,84_104,GOL_39_GRU_08
129,golden-42,grunt-180,gogr,0,-0.095,0,-0.0657,-0.069,-0.0737,0,42,180,42,180,42_180,46.88158975,42,180,GOL_13,GRU_27,42_180,GOL_13_GRU_27
367,golden-63,golden-73,gogo,0,-0.0952,0,-0.0676,-0.071,-0.0822,0,63,73,63,73,63_73,68.26256818,63,73,GOL_25,GOL_33,63_73,GOL_25_GOL_33
220,golden-55,golden-59,gogo,0,-0.0964,0,-0.1038,-0.1053,-0.0944,0,55,59,55,59,55_59,26.26565365,55,59,GOL_19,GOL_22,55_59,GOL_19_GOL_22
78,golden-32,golden-63,gogo,0,-0.0967,0,-0.0803,-0.0834,-0.0917,0,32,63,32,63,32_63,65.77072552,32,63,GOL_11,GOL_25,32_63,GOL_11_GOL_25
226,golden-55,golden-73,gogo,0,-0.0971,0,-0.1205,-0.1204,-0.1165,0,55,73,55,73,55_73,20.15264881,55,73,GOL_19,GOL_33,55_73,GOL_19_GOL_33
302,golden-59,golden-74,gogo,0,-0.102,0,-0.0794,-0.083,-0.0734,0,59,74,59,74,59_74,7.557580505,59,74,GOL_22,GOL_33,59_74,GOL_22_GOL_33
396,golden-65,grunt-104,gogr,0,-0.1023,0,-0.0685,-0.0722,-0.0745,0,65,104,65,104,65_104,65.19773925,65,104,GOL_26,GRU_08,65_104,GOL_26_GRU_08
143,golden-44,golden-74,gogo,0,-0.1033,0,-0.1205,-0.1211,-0.1165,0,44,74,44,74,44_74,12.89081165,44,74,GOL_13,GOL_33,44_74,GOL_13_GOL_33
363,golden-62,grunt-180,gogr,0,-0.1044,0,-0.0901,-0.0934,-0.0676,0,62,180,62,180,62_180,68.68508277,62,180,GOL_24,GRU_27,62_180,GOL_24_GRU_27
552,grunt-104,grunt-125,grgr,0,-0.1045,0,-0.0813,-0.0851,-0.0803,0,104,125,104,125,104_125,13.49425133,104,125,GRU_08,GRU_11,104_125,GRU_08_GRU_11
435,golden-73,grunt-125,gogr,0,-0.1049,0,-0.0752,-0.079,-0.0767,0,73,125,73,125,73_125,55.35305509,73,125,GOL_33,GRU_11,73_125,GOL_33_GRU_11
404,golden-65,grunt-180,gogr,0,-0.1059,0,-0.0603,-0.0644,-0.0526,0,65,180,65,180,65_180,75.00093102,65,180,GOL_26,GRU_27,65_180,GOL_26_GRU_27
365,golden-63,golden-65,gogo,0,-0.1061,0,-0.055,-0.0591,-0.0703,0,63,65,63,65,63_65,24.71049798,63,65,GOL_25,GOL_26,63_65,GOL_25_GOL_26
106,golden-42,golden-59,gogo,0,-0.1067,0,-0.0619,-0.0659,-0.0789,0,42,59,42,59,42_59,6.37923289,42,59,GOL_13,GOL_22,42_59,GOL_13_GOL_22
68,golden-32,golden-42,gogo,0,-0.1069,0,-0.0941,-0.0973,-0.1104,0,32,42,32,42,32_42,10.49360392,32,42,GOL_11,GOL_13,32_42,GOL_11_GOL_13
421,golden-69,grunt-156,gogr,0,-0.1089,0,-0.111,-0.1132,-0.1071,0,69,156,69,156,69_156,64.77471423,69,156,GOL_29,GRU_18,69_156,GOL_29_GRU_18
311,golden-59,grunt-124,gogr,0,-0.109,0,-0.0563,-0.0605,-0.0615,0,59,124,59,124,59_124,49.09176703,59,124,GOL_22,GRU_11,59_124,GOL_22_GRU_11
399,golden-65,grunt-128,gogr,0,-0.1101,0,-0.0944,-0.0976,-0.091,0,65,128,65,128,65_128,81.26017816,65,128,GOL_26,GRU_12,65_128,GOL_26_GRU_12
398,golden-65,grunt-125,gogr,0,-0.1203,0,-0.0738,-0.079,-0.0707,0,65,125,65,125,65_125,78.53380253,65,125,GOL_26,GRU_11,65_125,GOL_26_GRU_11
224,golden-55,golden-65,gogo,0,-0.13,0,-0.134,-0.1363,-0.1287,0,55,65,55,65,55_65,98.41893874,55,65,GOL_19,GOL_26,55_65,GOL_19_GOL_26
299,golden-59,golden-65,gogo,0,-0.1309,0,-0.0734,-0.0791,-0.074,0,59,65,59,65,59_65,83.18031913,59,65,GOL_22,GOL_26,59_65,GOL_22_GOL_26
120,golden-42,grunt-103,gogr,0,-0.1324,0,-0.1114,-0.1157,-0.123,0,42,103,42,103,42_103,42.10795547,42,103,GOL_13,GRU_07,42_103,GOL_13_GRU_07
397,golden-65,grunt-124,gogr,0,-0.1477,0,-0.0934,-0.1008,-0.0972,0,65,124,65,124,65_124,78.53380253,65,124,GOL_26,GRU_11,65_124,GOL_26_GRU_11
