ind_id,Sponge_width_cm,Depth,Group_size,TL_mm,Rank,mt_lineage,nc_lineage,Sponge_id,S_species,S_colour,Reef,AVG.TL_mm,is_male,egg_count,eggs,age
Risor_223,16.59613523,12.3,1,17,1,NA,NA,CUR_01,Ircinia strobilina,Medium,CUR,17,1,0,0,NA
Risor_224,20.91269227,12.6,2,21.46,1,NA,NA,CUR_02,Ircinia felix,Medium,CUR,15.92,0,0,0,NA
Risor_225,20.91269227,12.6,2,10.38,2,NA,NA,CUR_02,Ircinia felix,Medium,CUR,15.92,na,0,0,NA
Risor_226,14.18593462,12.5,1,17.43,1,NA,NA,CUR_03,Ircinia strobilina,Light,CUR,17.43,0,0,0,NA
Risor_002,20.84560036,7.1,5,11.67,5,NA,1,GOL_01,Ircinia felix,Dark,GOL,15.364,na,0,0,NA
Risor_003,20.84560036,7.1,5,16.88,2,NA,1,GOL_01,Ircinia felix,Dark,GOL,15.364,1,0,0,NA
Risor_001,20.84560036,7.1,5,17.98,1,NA,NA,GOL_01,Ircinia felix,Dark,GOL,15.364,0,0,0,NA
Risor_004,20.84560036,7.1,5,16.54,3,NA,NA,GOL_01,Ircinia felix,Dark,GOL,15.364,0,70,1,NA
Risor_005,20.84560036,7.1,5,13.75,4,NA,NA,GOL_01,Ircinia felix,Dark,GOL,15.364,0,0,0,NA
Risor_006,16.68183349,7.3,3,19.96,1,2,NA,GOL_02,Ircinia campana,Dark,GOL,17.10333333,1,0,0,NA
Risor_007,16.68183349,7.3,3,18.71,2,NA,NA,GOL_02,Ircinia campana,Dark,GOL,17.10333333,0,90,1,NA
Risor_008,16.68183349,7.3,3,12.64,3,2,NA,GOL_02,Ircinia campana,Dark,GOL,17.10333333,0,0,0,NA
Risor_009,24.8755034,8.2,10,18.68,2,2,NA,GOL_03,Ircinia strobilina,Dark,GOL,15.633,1,0,0,NA
Risor_010,24.8755034,8.2,10,21.39,1,NA,NA,GOL_03,Ircinia strobilina,Dark,GOL,15.633,1,0,0,NA
Risor_011,24.8755034,8.2,10,16.68,3,NA,NA,GOL_03,Ircinia strobilina,Dark,GOL,15.633,0,100,1,NA
Risor_012,24.8755034,8.2,10,16.24,4,NA,NA,GOL_03,Ircinia strobilina,Dark,GOL,15.633,1,0,0,NA
Risor_013,24.8755034,8.2,10,15.35,5,NA,NA,GOL_03,Ircinia strobilina,Dark,GOL,15.633,1,0,0,NA
Risor_014,24.8755034,8.2,10,15.2,6,NA,NA,GOL_03,Ircinia strobilina,Dark,GOL,15.633,0,80,1,NA
Risor_015,24.8755034,8.2,10,14.78,7,NA,NA,GOL_03,Ircinia strobilina,Dark,GOL,15.633,0,72,1,NA
Risor_016,24.8755034,8.2,10,13.38,8,NA,NA,GOL_03,Ircinia strobilina,Dark,GOL,15.633,0,60,1,NA
Risor_017,24.8755034,8.2,10,12.69,9,NA,NA,GOL_03,Ircinia strobilina,Dark,GOL,15.633,0,0,0,NA
Risor_018,24.8755034,8.2,10,11.94,10,NA,NA,GOL_03,Ircinia strobilina,Dark,GOL,15.633,0,0,0,NA
Risor_019,12.89029012,7.3,1,14.8,1,NA,NA,GOL_04,Ircinia strobilina,Dark,GOL,14.8,0,70,1,NA
Risor_020,15.63843681,7,1,16.9,1,2,NA,GOL_05,Ircinia felix,Medium,GOL,16.9,0,0,0,NA
Risor_021,28.50862823,8.8,2,13.05,1,NA,1,GOL_06,Ircinia strobilina,Dark,GOL,10.725,0,0,0,NA
Risor_022,28.50862823,8.8,2,8.4,2,NA,NA,GOL_06,Ircinia strobilina,Dark,GOL,10.725,na,0,0,NA
Risor_023,15.2737683,7.3,1,9.76,1,2,NA,GOL_07,Ircinia ruetzleri,Light,GOL,9.76,0,0,0,NA
Risor_026,20.74014879,6.1,2,17.07,2,NA,NA,GOL_09,Ircinia strobilina,Medium,GOL,18.265,1,0,0,NA
Risor_027,20.74014879,6.1,2,19.46,1,NA,NA,GOL_09,Ircinia strobilina,Medium,GOL,18.265,0,100,1,NA
Risor_028,21.57833088,5.5,1,11.71,1,2,NA,GOL_10,Ircinia campana,Medium,GOL,11.71,0,0,0,NA
Risor_032,37.26887744,5.4,5,13.43,5,2,2,GOL_11,Ircinia campana,Medium,GOL,16.982,0,0,0,NA
Risor_029,37.26887744,5.4,5,19.04,2,2,NA,GOL_11,Ircinia campana,Medium,GOL,16.982,1,0,0,NA
Risor_030,37.26887744,5.4,5,19.27,1,2,NA,GOL_11,Ircinia campana,Medium,GOL,16.982,1,0,0,NA
Risor_031,37.26887744,5.4,5,18.7,3,2,NA,GOL_11,Ircinia campana,Medium,GOL,16.982,0,180,1,NA
Risor_033,37.26887744,5.4,5,14.47,4,2,NA,GOL_11,Ircinia campana,Medium,GOL,16.982,0,0,0,NA
Risor_034,39.19804144,6.3,7,14.68,3,2,NA,GOL_12,Ircinia campana,Medium,GOL,13.45,0,0,0,39
Risor_035,39.19804144,6.3,7,19.67,1,2,NA,GOL_12,Ircinia campana,Medium,GOL,13.45,0,0,0,80
Risor_036,39.19804144,6.3,7,16.79,2,2,NA,GOL_12,Ircinia campana,Medium,GOL,13.45,0,0,0,49
Risor_037,39.19804144,6.3,7,13.19,4,2,NA,GOL_12,Ircinia campana,Medium,GOL,13.45,0,0,0,39
Risor_038,39.19804144,6.3,7,12.18,5,2,NA,GOL_12,Ircinia campana,Medium,GOL,13.45,0,0,0,49
Risor_039,39.19804144,6.3,7,8.99,6,2,NA,GOL_12,Ircinia campana,Medium,GOL,13.45,na,0,0,29
Risor_040,39.19804144,6.3,7,8.65,7,2,NA,GOL_12,Ircinia campana,Medium,GOL,13.45,na,0,0,37
Risor_042,34.24099068,6,4,14.12,2,2,2,GOL_13,Ircinia campana,Light,GOL,14.7,0,0,0,NA
Risor_044,34.24099068,6,4,12.76,3,2,2,GOL_13,Ircinia campana,Light,GOL,14.7,0,0,0,NA
Risor_041,34.24099068,6,4,20.33,1,2,NA,GOL_13,Ircinia campana,Light,GOL,14.7,1,0,0,NA
Risor_043,34.24099068,6,4,11.59,4,3,NA,GOL_13,Ircinia campana,Light,GOL,14.7,na,0,0,NA
Risor_046,12.42399681,8.5,1,10.24,1,2,NA,GOL_15,Ircinia campana,Medium,GOL,10.24,0,0,0,NA
Risor_047,26.03657684,7.8,2,16,1,2,NA,GOL_16,Ircinia felix,Medium,GOL,14.73,0,80,1,NA
Risor_048,26.03657684,7.8,2,13.46,2,2,NA,GOL_16,Ircinia felix,Medium,GOL,14.73,0,0,0,NA
Risor_049,15.02015024,7.6,2,10.71,1,NA,NA,GOL_17,Ircinia felix,Medium,GOL,10.035,0,0,0,NA
Risor_050,15.02015024,7.6,2,9.36,2,2,NA,GOL_17,Ircinia felix,Medium,GOL,10.035,na,0,0,NA
Risor_052,19.46285155,7.8,4,14.9,1,2,3,GOL_18,Ircinia felix,Medium,GOL,12.89,0,0,0,NA
Risor_051,19.46285155,7.8,4,13.88,2,2,NA,GOL_18,Ircinia felix,Medium,GOL,12.89,0,0,0,NA
Risor_053,19.46285155,7.8,4,12.24,3,2,NA,GOL_18,Ircinia felix,Medium,GOL,12.89,0,0,0,NA
Risor_054,19.46285155,7.8,4,10.54,4,2,NA,GOL_18,Ircinia felix,Medium,GOL,12.89,0,0,0,NA
Risor_056,25.02033906,8.8,2,13.19,2,2,2,GOL_19,Ircinia campana,Dark,GOL,16.105,0,0,0,NA
Risor_055,25.02033906,8.8,2,19.02,1,2,3,GOL_19,Ircinia campana,Dark,GOL,16.105,0,0,0,NA
Risor_057,25.43088672,8.2,1,13.47,1,2,NA,GOL_20,Ircinia felix,Light,GOL,13.47,0,0,0,NA
Risor_058,28.730781,8.5,1,17.77,1,2,NA,GOL_21,Ircinia campana,Medium,GOL,17.77,0,120,1,NA
Risor_059,18.68065211,8.8,1,13.28,1,2,2,GOL_22,Ircinia strobilina,Dark,GOL,13.28,0,0,0,NA
Risor_060,40.52303141,6.6,2,14.51,2,2,2,GOL_23,Ircinia campana,Medium,GOL,14.765,0,0,0,NA
Risor_061,40.52303141,6.6,2,15.02,1,2,NA,GOL_23,Ircinia campana,Medium,GOL,14.765,0,57,1,NA
Risor_062,17.91645312,6.6,1,16.14,1,2,2,GOL_24,Ircinia felix,Light,GOL,16.14,0,0,0,NA
Risor_064,13.89119206,6.3,2,14.05,2,2,1,GOL_25,Ircinia felix,Light,GOL,15.685,1,0,0,NA
Risor_063,13.89119206,6.3,2,17.32,1,2,2,GOL_25,Ircinia felix,Light,GOL,15.685,1,0,0,NA
Risor_065,18.63752232,5.8,2,13.24,1,2,2,GOL_26,Ircinia felix,Light,GOL,11.26,0,0,0,NA
Risor_066,18.63752232,5.8,2,9.28,2,2,NA,GOL_26,Ircinia felix,Light,GOL,11.26,na,0,0,NA
Risor_067,21.99813174,4.9,1,13.81,1,2,NA,GOL_27,Ircinia ruetzleri,Light,GOL,13.81,0,0,0,NA
Risor_068,29.93007552,4.7,1,11.6,1,2,NA,GOL_28,Ircinia campana,Medium,GOL,11.6,0,0,0,NA
Risor_069,34.74698824,4.9,1,13.67,1,2,2,GOL_29,Ircinia campana,Light,GOL,13.67,0,0,0,NA
Risor_070,12.70735763,5.5,1,9.98,1,2,NA,GOL_30,Ircinia felix,Light,GOL,9.98,0,0,0,NA
Risor_071,15.08723289,4.8,1,8.86,1,2,NA,GOL_31,Ircinia felix,Medium,GOL,8.86,0,0,0,NA
Risor_072,19.75658745,7.5,1,19.45,1,2,NA,GOL_32,Ircinia campana,Medium,GOL,19.45,1,0,0,NA
Risor_073,18.3845142,8.5,2,17.71,1,2,2,GOL_33,Ircinia campana,Medium,GOL,14.725,1,0,0,NA
Risor_074,18.3845142,8.5,2,11.74,2,2,2,GOL_33,Ircinia campana,Medium,GOL,14.725,0,0,0,NA
Risor_075,14.58820784,8.5,3,15.09,2,NA,NA,GOL_34,Ircinia felix,Light,GOL,14.83,0,0,0,NA
Risor_076,14.58820784,8.5,3,18.66,1,2,NA,GOL_34,Ircinia felix,Light,GOL,14.83,0,0,0,NA
Risor_077,14.58820784,8.5,3,10.74,3,2,NA,GOL_34,Ircinia felix,Light,GOL,14.83,na,0,0,NA
Risor_078,14.91901747,8.1,2,13.52,1,2,NA,GOL_35,Ircinia ruetzleri,Light,GOL,11.585,0,50,1,NA
Risor_079,14.91901747,8.1,2,9.65,2,2,NA,GOL_35,Ircinia ruetzleri,Light,GOL,11.585,0,0,0,NA
Risor_080,21.74465929,8.6,1,17.15,1,2,2,GOL_36,Ircinia campana,Medium,GOL,17.15,1,0,0,NA
Risor_081,10.76963518,8.4,2,13.02,2,2,2,GOL_37,Ircinia felix,Light,GOL,13.04,1,0,0,NA
Risor_082,10.76963518,8.4,2,13.06,1,2,2,GOL_37,Ircinia felix,Light,GOL,13.04,0,0,0,NA
Risor_083,21.68913883,8.6,1,7.61,1,NA,NA,GOL_38,Ircinia felix,Light,GOL,7.61,na,0,0,NA
Risor_084,12.71498486,4.8,1,13.13,1,2,2,GOL_39,Ircinia felix,Light,GOL,13.13,0,0,0,NA
Risor_085,20.487863,4.4,1,17.99,1,2,NA,GOL_40,Ircinia campana,Medium,GOL,17.99,0,0,0,NA
Risor_086,11.3725451,5.6,1,12.05,1,2,2,GOL_41,Ircinia felix,Medium,GOL,12.05,0,0,0,NA
Risor_087,13.5868929,5.5,2,15.16,2,2,NA,GOL_42,Ircinia felix,Light,GOL,15.855,0,0,0,NA
Risor_088,13.5868929,5.5,2,16.55,1,2,NA,GOL_42,Ircinia felix,Light,GOL,15.855,1,0,0,NA
Risor_089,25.4678079,5.7,3,9.23,3,2,NA,GOL_43,Ircinia campana,Light,GOL,12.33333333,0,0,0,NA
Risor_090,25.4678079,5.7,3,12.32,2,2,NA,GOL_43,Ircinia campana,Light,GOL,12.33333333,0,0,0,NA
Risor_091,25.4678079,5.7,3,15.45,1,2,NA,GOL_43,Ircinia campana,Light,GOL,12.33333333,0,0,0,NA
Risor_092,29.4435257,6,3,19.64,2,2,NA,GOL_44,Ircinia campana,Medium,GOL,20.81333333,1,0,0,64
Risor_093,29.4435257,6,3,23.22,1,2,NA,GOL_44,Ircinia campana,Medium,GOL,20.81333333,1,0,0,78
Risor_094,29.4435257,6,3,19.58,3,2,NA,GOL_44,Ircinia campana,Medium,GOL,20.81333333,0,0,0,74
Risor_112,24.046868,8.4,1,10.21,1,NA,NA,GOL_45,Ircinia campana,Medium,GOL,10.21,0,0,0,NA
Risor_113,12.0393262,8.2,2,11.54,2,NA,NA,GOL_46,Ircinia felix,Medium,GOL,13.605,0,0,0,NA
Risor_114,12.0393262,8.2,2,15.67,1,2,NA,GOL_46,Ircinia felix,Medium,GOL,13.605,0,0,0,NA
Risor_115,19.5739141,8.7,1,9.82,1,NA,NA,GOL_47,Ircinia campana,Medium,GOL,9.82,0,0,0,NA
Risor_116,15.3214941,8.3,1,14.14,1,NA,NA,GOL_48,Ircinia felix,Medium,GOL,14.14,0,0,0,NA
Risor_117,14.9271669,8.4,3,11.94,1,2,NA,GOL_49,Ircinia strobilina,Medium,GOL,10.88333333,0,0,0,NA
Risor_118,14.9271669,8.4,3,11.19,2,NA,NA,GOL_49,Ircinia strobilina,Medium,GOL,10.88333333,0,0,0,NA
Risor_119,14.9271669,8.4,3,9.52,3,2,NA,GOL_49,Ircinia strobilina,Medium,GOL,10.88333333,0,0,0,NA
Risor_120,20.1412392,7.5,1,9.86,1,2,NA,GOL_50,Ircinia felix,Medium,GOL,9.86,0,0,0,NA
Risor_121,23.2858983,8.1,2,15.86,1,NA,NA,GOL_51,Ircinia felix,Light,GOL,15.02,0,70,1,NA
Risor_122,23.2858983,8.1,2,14.18,2,NA,NA,GOL_51,Ircinia felix,Light,GOL,15.02,0,0,0,NA
Risor_162,10.7763468,6.9,2,10.84,1,3,NA,GOL_52,Ircinia campana,Medium,GOL,9.505,na,0,0,NA
Risor_163,10.7763468,6.9,2,8.17,2,2,NA,GOL_52,Ircinia campana,Medium,GOL,9.505,na,0,0,NA
Risor_164,12.7288579,6.5,1,10.55,1,NA,NA,GOL_53,Ircinia felix,Light,GOL,10.55,na,0,0,NA
Risor_165,15.4888384,7.4,2,12.75,2,2,NA,GOL_54,Ircinia campana,Light,GOL,13.48,0,0,0,NA
Risor_166,15.4888384,7.4,2,14.21,1,2,NA,GOL_54,Ircinia campana,Light,GOL,13.48,0,50,1,NA
Risor_167,17.0994422,6.2,2,18.56,1,2,NA,GOL_55,Ircinia felix,Light,GOL,15.38,0,40,1,NA
Risor_168,17.0994422,6.2,2,12.2,2,2,NA,GOL_55,Ircinia felix,Light,GOL,15.38,0,0,0,NA
Risor_169,11.9075747,5.8,1,14.26,1,2,NA,GOL_56,Ircinia felix,Light,GOL,14.26,0,0,0,NA
Risor_170,20.2007438,5.4,2,14.84,2,2,NA,GOL_57,Ircinia felix,Light,GOL,17.12,0,0,0,NA
Risor_171,20.2007438,5.4,2,19.4,1,2,NA,GOL_57,Ircinia felix,Light,GOL,17.12,1,0,0,NA
Risor_172,17.8410573,5.6,1,9.98,1,NA,NA,GOL_58,Ircinia felix,Light,GOL,9.98,0,0,0,NA
Risor_095,17.6263677,5.6,1,17.84,1,2,NA,GRU_01,Ircinia ruetzleri,Light,GRU,17.84,0,0,0,NA
Risor_096,12.05166956,5.9,1,13.5,1,2,NA,GRU_02,Ircinia felix,Light,GRU,13.5,0,0,0,NA
Risor_097,22.56539051,5.5,1,9.88,1,2,NA,GRU_03,Ircinia campana,Medium,GRU,9.88,0,0,0,NA
Risor_098,16.88744089,6.3,3,14.24,1,2,NA,GRU_04,Ircinia felix,Medium,GRU,10.87666667,1,0,0,NA
Risor_099,16.88744089,6.3,3,9.64,2,2,NA,GRU_04,Ircinia felix,Medium,GRU,10.87666667,0,0,0,NA
Risor_100,16.88744089,6.3,3,8.75,3,2,NA,GRU_04,Ircinia felix,Medium,GRU,10.87666667,na,0,0,NA
Risor_101,13.17279911,6.5,1,10.95,1,NA,2,GRU_05,Ircinia felix,Light,GRU,10.95,0,0,0,NA
Risor_102,36.72737213,7.9,1,14.112,1,2,NA,GRU_06,Ircinia campana,Light,GRU,14.112,0,0,0,NA
Risor_103,19.33343618,7.8,1,18.05,1,2,2,GRU_07,Ircinia felix,Light,GRU,18.05,0,0,0,NA
Risor_104,25.93039239,6.6,1,14.13,1,2,2,GRU_08,Ircinia campana,Medium,GRU,14.13,0,0,0,NA
Risor_105,33.06757408,7.6,7,15.6,2,2,NA,GRU_09,Ircinia strobilina,Dark,GRU,14.20571429,0,0,0,65
Risor_106,33.06757408,7.6,7,17.15,1,2,NA,GRU_09,Ircinia strobilina,Dark,GRU,14.20571429,0,0,0,38
Risor_107,33.06757408,7.6,7,15.28,3,3,NA,GRU_09,Ircinia strobilina,Dark,GRU,14.20571429,0,0,0,35
Risor_108,33.06757408,7.6,7,14.25,4,NA,NA,GRU_09,Ircinia strobilina,Dark,GRU,14.20571429,1,0,0,49
Risor_109,33.06757408,7.6,7,13.6,5,NA,NA,GRU_09,Ircinia strobilina,Dark,GRU,14.20571429,0,0,0,51
Risor_110,33.06757408,7.6,7,11.02,7,2,NA,GRU_09,Ircinia strobilina,Dark,GRU,14.20571429,0,0,0,47
Risor_111,33.06757408,7.6,7,12.54,6,NA,NA,GRU_09,Ircinia strobilina,Dark,GRU,14.20571429,0,0,0,40
Risor_123,19.36891203,8.5,1,13.64,1,NA,NA,GRU_10,Ircinia strobilina,Dark,GRU,13.64,0,0,0,NA
Risor_124,15.10909103,8.5,3,19.58,1,2,2,GRU_11,Ircinia strobilina,Dark,GRU,13.96666667,0,0,0,NA
Risor_125,15.10909103,8.5,3,11.78,2,NA,2,GRU_11,Ircinia strobilina,Dark,GRU,13.96666667,0,0,0,NA
Risor_126,15.10909103,8.5,3,10.54,3,2,NA,GRU_11,Ircinia strobilina,Dark,GRU,13.96666667,0,0,0,NA
Risor_127,18.60541905,7.3,4,16.54,1,2,1,GRU_12,Ircinia strobilina,Dark,GRU,13.47,1,0,0,NA
Risor_128,18.60541905,7.3,4,15.14,2,2,2,GRU_12,Ircinia felix,Medium,GRU,13.47,0,0,0,NA
Risor_129,18.60541905,7.3,4,11.47,3,2,NA,GRU_12,Ircinia felix,Medium,GRU,13.47,0,0,0,NA
Risor_130,18.60541905,7.3,4,10.73,4,2,NA,GRU_12,Ircinia felix,Medium,GRU,13.47,0,0,0,NA
Risor_131,19.94427702,7.3,2,14.64,1,NA,NA,GRU_13,Ircinia ruetzleri,Light,GRU,13.605,0,0,0,NA
Risor_132,19.94427702,7.3,2,12.57,2,2,NA,GRU_13,Ircinia ruetzleri,Light,GRU,13.605,0,0,0,NA
Risor_133,19.49469793,7.6,4,16.03,1,NA,2,GRU_14,Ircinia strobilina,Dark,GRU,13.5675,1,0,0,NA
Risor_134,19.49469793,7.6,4,14.14,2,2,NA,GRU_14,Ircinia strobilina,Dark,GRU,13.5675,0,0,0,NA
Risor_135,19.49469793,7.6,4,13.77,3,NA,NA,GRU_14,Ircinia strobilina,Dark,GRU,13.5675,0,0,0,NA
Risor_136,19.49469793,7.6,4,10.33,4,NA,NA,GRU_14,Ircinia strobilina,Dark,GRU,13.5675,0,0,0,NA
Risor_137,13.79504939,7.8,3,18.17,1,NA,2,GRU_15,Ircinia ruetzleri,Light,GRU,15.88333333,0,0,0,NA
Risor_138,13.79504939,7.8,3,16.68,2,2,NA,GRU_15,Ircinia ruetzleri,Light,GRU,15.88333333,1,0,0,NA
Risor_139,13.79504939,7.8,3,12.8,3,NA,NA,GRU_15,Ircinia ruetzleri,Light,GRU,15.88333333,0,0,0,NA
Risor_140,35.33143161,6.3,14,14.35,10,3,NA,GRU_16,Ircinia strobilina,Dark,GRU,14.36928571,0,0,0,30
Risor_141,35.33143161,6.3,14,17.97,1,2,NA,GRU_16,Ircinia strobilina,Dark,GRU,14.36928571,1,0,0,54
Risor_142,35.33143161,6.3,14,16.67,2,2,NA,GRU_16,Ircinia strobilina,Dark,GRU,14.36928571,1,0,0,61
Risor_143,35.33143161,6.3,14,14.66,8,NA,NA,GRU_16,Ircinia strobilina,Dark,GRU,14.36928571,1,0,0,35
Risor_144,35.33143161,6.3,14,15.11,4,NA,NA,GRU_16,Ircinia strobilina,Dark,GRU,14.36928571,0,0,0,70
Risor_145,35.33143161,6.3,14,14.78,7,NA,NA,GRU_16,Ircinia strobilina,Dark,GRU,14.36928571,1,0,0,54
Risor_146,35.33143161,6.3,14,15.99,3,NA,NA,GRU_16,Ircinia strobilina,Dark,GRU,14.36928571,0,0,0,39
Risor_147,35.33143161,6.3,14,14.53,9,NA,NA,GRU_16,Ircinia strobilina,Dark,GRU,14.36928571,0,0,0,45
Risor_148,35.33143161,6.3,14,14.8,6,NA,NA,GRU_16,Ircinia strobilina,Dark,GRU,14.36928571,1,0,0,49
Risor_149,35.33143161,6.3,14,10.26,13,2,NA,GRU_16,Ircinia strobilina,Dark,GRU,14.36928571,0,0,0,31
Risor_150,35.33143161,6.3,14,9.29,14,NA,NA,GRU_16,Ircinia strobilina,Dark,GRU,14.36928571,0,0,0,35
Risor_151,35.33143161,6.3,14,13.95,11,2,NA,GRU_16,Ircinia strobilina,Dark,GRU,14.36928571,1,0,0,46
Risor_152,35.33143161,6.3,14,14.87,5,NA,NA,GRU_16,Ircinia strobilina,Dark,GRU,14.36928571,0,0,0,57
Risor_153,35.33143161,6.3,14,13.94,12,NA,NA,GRU_16,Ircinia strobilina,Dark,GRU,14.36928571,0,0,0,49
Risor_154,16.99920499,7,2,20.28,1,2,NA,GRU_17,Ircinia campana,Medium,GRU,19.535,1,0,0,NA
Risor_155,16.99920499,7,2,18.79,2,2,NA,GRU_17,Ircinia campana,Medium,GRU,19.535,0,140,1,NA
Risor_156,36.87315497,7.7,2,13.94,2,2,2,GRU_18,Ircinia campana,Medium,GRU,16.76,0,0,0,NA
Risor_157,36.87315497,7.7,2,19.58,1,2,NA,GRU_18,Ircinia campana,Medium,GRU,16.76,1,0,0,NA
Risor_159,17.87338954,7.7,2,13.41,1,NA,1,GRU_19,Ircinia campana,Light,GRU,12.325,0,0,0,NA
Risor_158,17.87338954,7.7,2,11.24,2,NA,NA,GRU_19,Ircinia campana,Light,GRU,12.325,0,0,0,NA
Risor_160,15.40296594,8.4,1,16.39,1,NA,NA,GRU_20,Ircinia felix,Medium,GRU,16.39,0,70,1,NA
Risor_161,43.86917309,6,1,19.98,1,NA,2,GRU_21,Ircinia campana,Light,GRU,19.98,0,139,1,NA
Risor_173,28.07672308,5.8,1,14.54,1,2,NA,GRU_22,Ircinia campana,Medium,GRU,14.54,0,70,1,NA
Risor_174,16.64011142,5.9,1,15.4,1,NA,NA,GRU_23,Ircinia felix,Dark,GRU,15.4,na,0,0,NA
Risor_175,10.19250361,5.6,1,14.06,1,2,NA,GRU_24,Ircinia felix,Light,GRU,14.06,1,0,0,NA
Risor_176,23.36585249,5.8,2,16.52,2,2,NA,GRU_25,Ircinia campana,Light,GRU,17.62,0,0,0,NA
Risor_177,23.36585249,5.8,2,18.72,1,2,NA,GRU_25,Ircinia campana,Light,GRU,17.62,0,0,0,NA
Risor_178,11.91206009,6.9,1,11.76,1,NA,NA,GRU_26,Ircinia felix,Light,GRU,11.76,0,0,0,NA
Risor_180,19.48627795,7.5,2,11.99,2,2,2,GRU_27,Ircinia felix,Light,GRU,15.785,0,0,0,NA
Risor_179,19.48627795,7.5,2,19.58,1,2,NA,GRU_27,Ircinia felix,Light,GRU,15.785,0,0,0,NA
Risor_181,24.53674468,6.7,4,17.33,1,NA,1,GRU_28,Ircinia felix,Medium,GRU,16.04,1,0,0,NA
Risor_182,24.53674468,6.7,4,16.89,2,NA,NA,GRU_28,Ircinia felix,Medium,GRU,16.04,0,0,0,NA
Risor_183,24.53674468,6.7,4,14.54,4,NA,NA,GRU_28,Ircinia felix,Medium,GRU,16.04,0,0,0,NA
Risor_184,24.53674468,6.7,4,15.4,3,NA,NA,GRU_28,Ircinia felix,Medium,GRU,16.04,1,0,0,NA
Risor_185,14.56537257,7.3,1,14.06,1,2,NA,GRU_29,Ircinia felix,Light,GRU,14.06,1,0,0,NA
Risor_186,31.51513935,6.7,3,16.52,2,2,NA,GRU_30,Ircinia felix,Medium,GRU,15.66666667,0,100,1,NA
Risor_187,31.51513935,6.7,3,18.72,1,2,NA,GRU_30,Ircinia felix,Medium,GRU,15.66666667,1,0,0,NA
Risor_188,31.51513935,6.7,3,11.76,3,NA,NA,GRU_30,Ircinia felix,Medium,GRU,15.66666667,0,0,0,NA
Risor_189,17.21610479,6,2,13.47,2,NA,NA,GRU_31,Ircinia felix,Light,GRU,14.15,1,0,0,NA
Risor_190,17.21610479,6,2,14.83,1,NA,NA,GRU_31,Ircinia felix,Light,GRU,14.15,0,0,0,NA
Risor_191,21.37963899,5.4,1,15,1,NA,NA,GRU_32,Ircinia felix,Light,GRU,15,1,0,0,NA
Risor_192,19.571341,5.7,2,18.13,1,2,NA,LON_01,Ircinia felix,Medium,LON,17.17,0,0,0,NA
Risor_193,19.571341,5.7,2,16.21,2,2,NA,LON_01,Ircinia felix,Medium,LON,17.17,0,0,0,NA
Risor_194,19.02944733,6,2,10.4,1,NA,NA,LON_02,Ircinia felix,Light,LON,10.18,0,0,0,NA
Risor_195,19.02944733,6,2,9.96,2,2,NA,LON_02,Ircinia felix,Light,LON,10.18,0,0,0,NA
Risor_196,16.96413323,6.5,3,16.16,1,2,NA,LON_03,Ircinia felix,Medium,LON,14.76,0,60,1,NA
Risor_197,16.96413323,6.5,3,15.13,2,NA,NA,LON_03,Ircinia felix,Medium,LON,14.76,0,100,1,NA
Risor_198,16.96413323,6.5,3,12.99,3,NA,NA,LON_03,Ircinia felix,Medium,LON,14.76,0,0,0,NA
Risor_199,16.64102183,6.7,1,14.94,1,NA,NA,LON_04,Ircinia felix,Medium,LON,14.94,0,0,0,NA
Risor_200,17.11924903,5.8,2,15.69,1,NA,NA,LON_05,Ircinia campana,Light,LON,15.15,0,0,0,NA
Risor_201,17.11924903,5.8,2,14.61,2,2,NA,LON_05,Ircinia campana,Light,LON,15.15,0,60,1,NA
Risor_202,16.18158983,6.4,4,13.07,2,NA,NA,LON_06,Ircinia felix,Medium,LON,12.7125,0,0,0,NA
Risor_203,16.18158983,6.4,4,13.2,1,NA,NA,LON_06,Ircinia felix,Medium,LON,12.7125,0,0,0,NA
Risor_204,16.18158983,6.4,4,12.31,3,NA,NA,LON_06,Ircinia felix,Medium,LON,12.7125,0,0,0,NA
Risor_205,16.18158983,6.4,4,12.27,4,NA,NA,LON_06,Ircinia felix,Medium,LON,12.7125,0,0,0,NA
Risor_206,18.94124401,6.4,2,16.1,1,NA,2,LON_07,Ircinia felix,Medium,LON,13.775,0,80,1,NA
Risor_207,18.94124401,6.4,2,11.45,2,2,NA,LON_07,Ircinia felix,Medium,LON,13.775,0,0,0,NA
Risor_209,11.2863045,7,3,13.07,2,2,1,LON_08,Ircinia felix,Medium,LON,13.02666667,0,0,0,NA
Risor_208,11.2863045,7,3,13.44,1,2,NA,LON_08,Ircinia felix,Medium,LON,13.02666667,0,0,0,NA
Risor_210,11.2863045,7,3,12.57,3,2,NA,LON_08,Ircinia felix,Medium,LON,13.02666667,0,0,0,NA
Risor_211,15.74123245,7,1,12.04,1,2,NA,LON_09,Ircinia felix,Medium,LON,12.04,0,0,0,NA
Risor_212,15.15269613,8.7,1,12.86,1,NA,NA,LON_10,Ircinia felix,Medium,LON,12.86,1,0,0,NA
Risor_213,21.89829323,7.5,4,17.51,1,NA,NA,LON_11,Ircinia campana,Medium,LON,13.8425,0,0,0,NA
Risor_214,21.89829323,7.5,4,14.55,3,NA,NA,LON_11,Ircinia campana,Medium,LON,13.8425,0,75,1,NA
Risor_215,21.89829323,7.5,4,15.97,2,NA,NA,LON_11,Ircinia campana,Medium,LON,13.8425,0,0,0,NA
Risor_216,21.89829323,7.5,4,7.34,4,NA,NA,LON_11,Ircinia campana,Medium,LON,13.8425,na,0,0,NA
Risor_217,21.61311416,6.1,1,14.39,1,NA,NA,LON_12,Ircinia felix,Medium,LON,14.39,1,0,0,NA
Risor_219,33.59665271,8.9,5,18.59,2,NA,1,LON_13,Ircinia strobilina,Dark,LON,17.894,0,0,0,NA
Risor_218,33.59665271,8.9,5,21.94,1,NA,NA,LON_13,Ircinia strobilina,Dark,LON,17.894,1,0,0,NA
Risor_220,33.59665271,8.9,5,16.79,3,NA,NA,LON_13,Ircinia strobilina,Dark,LON,17.894,1,0,0,NA
Risor_221,33.59665271,8.9,5,16.63,4,NA,NA,LON_13,Ircinia strobilina,Dark,LON,17.894,0,0,0,NA
Risor_222,33.59665271,8.9,5,15.52,5,NA,NA,LON_13,Ircinia strobilina,Dark,LON,17.894,0,0,0,NA